-- --------------------------------------------------------
-- Host:                         127.0.0.1
-- Server version:               10.4.32-MariaDB - mariadb.org binary distribution
-- Server OS:                    Win64
-- HeidiSQL Version:             12.8.0.6908
-- --------------------------------------------------------

/*!40101 SET @OLD_CHARACTER_SET_CLIENT=@@CHARACTER_SET_CLIENT */;
/*!40101 SET NAMES utf8 */;
/*!50503 SET NAMES utf8mb4 */;
/*!40103 SET @OLD_TIME_ZONE=@@TIME_ZONE */;
/*!40103 SET TIME_ZONE='+00:00' */;
/*!40014 SET @OLD_FOREIGN_KEY_CHECKS=@@FOREIGN_KEY_CHECKS, FOREIGN_KEY_CHECKS=0 */;
/*!40101 SET @OLD_SQL_MODE=@@SQL_MODE, SQL_MODE='NO_AUTO_VALUE_ON_ZERO' */;
/*!40111 SET @OLD_SQL_NOTES=@@SQL_NOTES, SQL_NOTES=0 */;


-- Dumping database structure for blogdb
CREATE DATABASE IF NOT EXISTS `blogdb` /*!40100 DEFAULT CHARACTER SET utf8mb4 COLLATE utf8mb4_general_ci */;
USE `blogdb`;

-- Dumping structure for table blogdb.authorities
CREATE TABLE IF NOT EXISTS `authorities` (
  `id` int(11) NOT NULL AUTO_INCREMENT,
  `username` varchar(45) CHARACTER SET utf8mb4 COLLATE utf8mb4_general_ci DEFAULT NULL,
  `authority` varchar(45) CHARACTER SET utf8mb4 COLLATE utf8mb4_general_ci DEFAULT NULL,
  PRIMARY KEY (`id`),
  KEY `FKrole` (`authority`),
  KEY `FKuser` (`username`),
  CONSTRAINT `FKrole` FOREIGN KEY (`authority`) REFERENCES `roles` (`authority`) ON DELETE NO ACTION ON UPDATE NO ACTION,
  CONSTRAINT `FKuser` FOREIGN KEY (`username`) REFERENCES `users` (`username`) ON DELETE NO ACTION ON UPDATE NO ACTION
) ENGINE=InnoDB AUTO_INCREMENT=15 DEFAULT CHARSET=utf8 COLLATE=utf8_bin;

-- Dumping data for table blogdb.authorities: ~11 rows (approximately)
INSERT INTO `authorities` (`id`, `username`, `authority`) VALUES
	(1, 'petarpetar', 'ROLE_bloger'),
	(2, 'jovanjovan', 'ROLE_admin'),
	(3, 'simeon', 'ROLE_bloger'),
	(5, 'milojko', 'ROLE_bloger'),
	(6, 'dragana', 'ROLE_bloger'),
	(7, 'marija', 'ROLE_bloger'),
	(8, 'andrijana', 'ROLE_bloger'),
	(9, 'zorica', 'ROLE_bloger'),
	(10, 'suncica', 'ROLE_bloger'),
	(11, 'mirko', 'ROLE_admin'),
	(12, 'mirko', 'ROLE_bloger'),
	(14, 'marko', 'ROLE_admin');

-- Dumping structure for table blogdb.blog
CREATE TABLE IF NOT EXISTS `blog` (
  `id` int(11) NOT NULL AUTO_INCREMENT,
  `blogText` mediumtext CHARACTER SET utf8mb4 COLLATE utf8mb4_general_ci DEFAULT NULL,
  `blogTitle` varchar(255) CHARACTER SET utf8mb4 COLLATE utf8mb4_general_ci DEFAULT NULL,
  `description` varchar(500) CHARACTER SET utf8mb4 COLLATE utf8mb4_general_ci DEFAULT NULL,
  `image` varchar(300) CHARACTER SET utf8mb4 COLLATE utf8mb4_general_ci DEFAULT NULL,
  `idCategory` int(11) DEFAULT NULL,
  `idAuthor` varchar(45) CHARACTER SET utf8mb4 COLLATE utf8mb4_general_ci DEFAULT NULL,
  `isOnPage` tinyint(1) DEFAULT NULL,
  `reviewNumb` int(11) DEFAULT NULL,
  `isImportant` tinyint(1) DEFAULT NULL,
  `blogCreated` datetime DEFAULT NULL,
  PRIMARY KEY (`id`),
  KEY `FKcategory` (`idCategory`),
  KEY `FKauthor` (`idAuthor`),
  CONSTRAINT `FKauthor` FOREIGN KEY (`idAuthor`) REFERENCES `users` (`username`) ON DELETE NO ACTION ON UPDATE NO ACTION,
  CONSTRAINT `FKcategory` FOREIGN KEY (`idCategory`) REFERENCES `category` (`id`) ON DELETE NO ACTION ON UPDATE NO ACTION
) ENGINE=InnoDB AUTO_INCREMENT=33 DEFAULT CHARSET=utf8 COLLATE=utf8_bin;

-- Dumping data for table blogdb.blog: ~28 rows (approximately)
INSERT INTO `blog` (`id`, `blogText`, `blogTitle`, `description`, `image`, `idCategory`, `idAuthor`, `isOnPage`, `reviewNumb`, `isImportant`, `blogCreated`) VALUES
	(3, 'klsdfasd;f asdjl asd;asvajsv asvfjas vasjv asdfasijfas asldvans vasv aslv aslva sv;las asldfaslfas fasdlas vasjlcas casjasdvmasdkmaslvas vaslv asl vasdvjasdasd asvjasvnas aslvjas vasdlv asdlkcasdlc asdvlasdv asdvasd   asldv asvas', 'Blog 1 title - Blog 1 title', 'This is TEST topic', 'img/blog_test', 7, 'mirko', 0, 1, 0, '2024-07-19 11:50:32'),
	(4, 'SDFDFASFA sdgsfshfds SFGHSGFSF sdsdsdsfd SGSFFFS cudhuschsdch', 'Blog 2 title - Blog 2 title', 'This is TEST 2 topic', 'img/no_image2.non', 6, 'mirko', 0, 2, 0, '2024-08-25 11:50:32'),
	(6, 'Venice Venice Venice (search word: white)\r\nLorem ipsum dolor sit amet, consectetur adipiscing elit. Ut pretium, dolor vitae semper dapibus, lorem sapien semper arcu, convallis porttitor lectus erat non dolor. Integer non nisi quis lorem dictum condimentum. Fusce pellentesque ut erat sed porttitor. Aliquam erat volutpat. Nullam blandit molestie tortor, eu blandit mauris tempor in. Ut ac volutpat mauris. Suspendisse augue turpis, hendrerit quis leo non, ullamcorper sagittis odio. Etiam scelerisque lorem ut viverra hendrerit.\r\nQuisque elementum odio ac nibh facilisis commodo. Vestibulum ultrices, ex sit amet mattis sollicitudin, dui diam fringilla eros, sit amet semper ligula purus eget metus. Sed et tristique ligula. Curabitur lacinia aliquam iaculis. Orci varius natoque penatibus et magnis dis parturient montes, nascetur ridiculus mus. Nam in vehicula justo. Donec nec feugiat justo. Aliquam sit amet arcu scelerisque, gravida nisl ac, molestie urna. Donec luctus volutpat facilisis. Donec orci diam, congue vulputate lorem vel, finibus porta nisi. Aliquam erat volutpat. Donec in velit suscipit, feugiat risus at, euismod nisl. Vivamus a risus id sapien ornare convallis.\r\nSed eget vulputate nulla. In molestie nunc ac gravida efficitur. Etiam pharetra, enim dapibus venenatis suscipit, erat odio rutrum dolor, at ullamcorper sem lorem ut tellus. Duis sit amet augue at sapien euismod cursus. Praesent justo lacus, maximus non diam iaculis, auctor porta erat. Curabitur orci erat, aliquam at nulla vel, lacinia volutpat odio. Suspendisse potenti. Integer suscipit lectus ac dui tincidunt posuere. Aenean augue magna, pharetra in leo quis, cursus pellentesque mi.\r\nNulla facilisi. Nam tincidunt, ipsum id tempor commodo, libero justo rutrum lectus, in sodales risus magna ut ligula. Vestibulum sed eros eros. Donec cursus at justo non dignissim. Ut ut quam molestie, malesuada lacus et, auctor nulla. Pellentesque lorem sem, bibendum in porttitor quis, finibus id felis. Phasellus pellentesque rutrum pretium. Fusce scelerisque massa in velit laoreet, sed aliquet magna suscipit.\r\nNam quis malesuada velit, a tincidunt tellus. Pellentesque aliquam, libero eu egestas bibendum, turpis elit sodales risus, ut malesuada ex ipsum quis erat. Aenean rutrum pulvinar imperdiet. Integer feugiat nulla dolor, vitae eleifend quam iaculis sit amet. Pellentesque ut diam leo. Praesent in sagittis purus. Nullam sed aliquet nibh. Donec interdum lacus at massa semper, sit amet scelerisque tortor euismod. Vivamus varius pharetra quam sed tristique. Cras vel finibus felis. Nunc porta semper turpis, sed maximus massa dignissim hendrerit.', 'Venice Carnival opens with biodegradable ecological streamers', 'Venice description description description description description description', 'img/bl-carneval.jpg', 7, 'andrijana', 1, 4, 1, '2024-08-09 21:28:17'),
	(7, 'Ukraine Ukraine Ukraine (search word: yellow)\r\nLorem ipsum dolor sit amet, consectetur adipiscing elit. Ut pretium, dolor vitae semper dapibus, lorem sapien semper arcu, convallis porttitor lectus erat non dolor. Integer non nisi quis lorem dictum condimentum. Fusce pellentesque ut erat sed porttitor. Aliquam erat volutpat. Nullam blandit molestie tortor, eu blandit mauris tempor in. Ut ac volutpat mauris. Suspendisse augue turpis, hendrerit quis leo non, ullamcorper sagittis odio. Etiam scelerisque lorem ut viverra hendrerit.\r\nQuisque elementum odio ac nibh facilisis commodo. Vestibulum ultrices, ex sit amet mattis sollicitudin, dui diam fringilla eros, sit amet semper ligula purus eget metus. Sed et tristique ligula. Curabitur lacinia aliquam iaculis. Orci varius natoque penatibus et magnis dis parturient montes, nascetur ridiculus mus. Nam in vehicula justo. Donec nec feugiat justo. Aliquam sit amet arcu scelerisque, gravida nisl ac, molestie urna. Donec luctus volutpat facilisis. Donec orci diam, congue vulputate lorem vel, finibus porta nisi. Aliquam erat volutpat. Donec in velit suscipit, feugiat risus at, euismod nisl. Vivamus a risus id sapien ornare convallis.\r\nSed eget vulputate nulla. In molestie nunc ac gravida efficitur. Etiam pharetra, enim dapibus venenatis suscipit, erat odio rutrum dolor, at ullamcorper sem lorem ut tellus. Duis sit amet augue at sapien euismod cursus. Praesent justo lacus, maximus non diam iaculis, auctor porta erat. Curabitur orci erat, aliquam at nulla vel, lacinia volutpat odio. Suspendisse potenti. Integer suscipit lectus ac dui tincidunt posuere. Aenean augue magna, pharetra in leo quis, cursus pellentesque mi.\r\nNulla facilisi. Nam tincidunt, ipsum id tempor commodo, libero justo rutrum lectus, in sodales risus magna ut ligula. Vestibulum sed eros eros. Donec cursus at justo non dignissim. Ut ut quam molestie, malesuada lacus et, auctor nulla. Pellentesque lorem sem, bibendum in porttitor quis, finibus id felis. Phasellus pellentesque rutrum pretium. Fusce scelerisque massa in velit laoreet, sed aliquet magna suscipit.\r\nNam quis malesuada velit, a tincidunt tellus. Pellentesque aliquam, libero eu egestas bibendum, turpis elit sodales risus, ut malesuada ex ipsum quis erat. Aenean rutrum pulvinar imperdiet. Integer feugiat nulla dolor, vitae eleifend quam iaculis sit amet. Pellentesque ut diam leo. Praesent in sagittis purus. Nullam sed aliquet nibh. Donec interdum lacus at massa semper, sit amet scelerisque tortor euismod. Vivamus varius pharetra quam sed tristique. Cras vel finibus felis. Nunc porta semper turpis, sed maximus massa dignissim hendrerit.', 'Accusing Ukraine of trying to withdraw from the peace agreement', 'Ukraine description description description description description description ', 'img/bl-war.jpg', 9, 'dragana', 1, 7, 1, '2024-09-11 21:29:21'),
	(8, 'Agriculture Farming (search word: blue)\r\nLorem ipsum dolor sit amet, consectetur adipiscing elit. Ut pretium, dolor vitae semper dapibus, lorem sapien semper arcu, convallis porttitor lectus erat non dolor. Integer non nisi quis lorem dictum condimentum. Fusce pellentesque ut erat sed porttitor. Aliquam erat volutpat. Nullam blandit molestie tortor, eu blandit mauris tempor in. Ut ac volutpat mauris. Suspendisse augue turpis, hendrerit quis leo non, ullamcorper sagittis odio. Etiam scelerisque lorem ut viverra hendrerit.\r\nQuisque elementum odio ac nibh facilisis commodo. Vestibulum ultrices, ex sit amet mattis sollicitudin, dui diam fringilla eros, sit amet semper ligula purus eget metus. Sed et tristique ligula. Curabitur lacinia aliquam iaculis. Orci varius natoque penatibus et magnis dis parturient montes, nascetur ridiculus mus. Nam in vehicula justo. Donec nec feugiat justo. Aliquam sit amet arcu scelerisque, gravida nisl ac, molestie urna. Donec luctus volutpat facilisis. Donec orci diam, congue vulputate lorem vel, finibus porta nisi. Aliquam erat volutpat. Donec in velit suscipit, feugiat risus at, euismod nisl. Vivamus a risus id sapien ornare convallis.\r\nSed eget vulputate nulla. In molestie nunc ac gravida efficitur. Etiam pharetra, enim dapibus venenatis suscipit, erat odio rutrum dolor, at ullamcorper sem lorem ut tellus. Duis sit amet augue at sapien euismod cursus. Praesent justo lacus, maximus non diam iaculis, auctor porta erat. Curabitur orci erat, aliquam at nulla vel, lacinia volutpat odio. Suspendisse potenti. Integer suscipit lectus ac dui tincidunt posuere. Aenean augue magna, pharetra in leo quis, cursus pellentesque mi.\r\nNulla facilisi. Nam tincidunt, ipsum id tempor commodo, libero justo rutrum lectus, in sodales risus magna ut ligula. Vestibulum sed eros eros. Donec cursus at justo non dignissim. Ut ut quam molestie, malesuada lacus et, auctor nulla. Pellentesque lorem sem, bibendum in porttitor quis, finibus id felis. Phasellus pellentesque rutrum pretium. Fusce scelerisque massa in velit laoreet, sed aliquet magna suscipit.\r\nNam quis malesuada velit, a tincidunt tellus. Pellentesque aliquam, libero eu egestas bibendum, turpis elit sodales risus, ut malesuada ex ipsum quis erat. Aenean rutrum pulvinar imperdiet. Integer feugiat nulla dolor, vitae eleifend quam iaculis sit amet. Pellentesque ut diam leo. Praesent in sagittis purus. Nullam sed aliquet nibh. Donec interdum lacus at massa semper, sit amet scelerisque tortor euismod. Vivamus varius pharetra quam sed tristique. Cras vel finibus felis. Nunc porta semper turpis, sed maximus massa dignissim hendrerit.', 'Redesign its agriculture based on regenerative farming', 'Agriculture Farming description description description description description ', 'img/bl-tactor2.jpg', 3, 'suncica', 1, 11, 1, '2024-09-19 21:29:38'),
	(9, 'Cinema Film Movie (search word: red)\r\nLorem ipsum dolor sit amet, consectetur adipiscing elit. Ut pretium, dolor vitae semper dapibus, lorem sapien semper arcu, convallis porttitor lectus erat non dolor. Integer non nisi quis lorem dictum condimentum. Fusce pellentesque ut erat sed porttitor. Aliquam erat volutpat. Nullam blandit molestie tortor, eu blandit mauris tempor in. Ut ac volutpat mauris. Suspendisse augue turpis, hendrerit quis leo non, ullamcorper sagittis odio. Etiam scelerisque lorem ut viverra hendrerit.\r\nQuisque elementum odio ac nibh facilisis commodo. Vestibulum ultrices, ex sit amet mattis sollicitudin, dui diam fringilla eros, sit amet semper ligula purus eget metus. Sed et tristique ligula. Curabitur lacinia aliquam iaculis. Orci varius natoque penatibus et magnis dis parturient montes, nascetur ridiculus mus. Nam in vehicula justo. Donec nec feugiat justo. Aliquam sit amet arcu scelerisque, gravida nisl ac, molestie urna. Donec luctus volutpat facilisis. Donec orci diam, congue vulputate lorem vel, finibus porta nisi. Aliquam erat volutpat. Donec in velit suscipit, feugiat risus at, euismod nisl. Vivamus a risus id sapien ornare convallis.\r\nSed eget vulputate nulla. In molestie nunc ac gravida efficitur. Etiam pharetra, enim dapibus venenatis suscipit, erat odio rutrum dolor, at ullamcorper sem lorem ut tellus. Duis sit amet augue at sapien euismod cursus. Praesent justo lacus, maximus non diam iaculis, auctor porta erat. Curabitur orci erat, aliquam at nulla vel, lacinia volutpat odio. Suspendisse potenti. Integer suscipit lectus ac dui tincidunt posuere. Aenean augue magna, pharetra in leo quis, cursus pellentesque mi.\r\nNulla facilisi. Nam tincidunt, ipsum id tempor commodo, libero justo rutrum lectus, in sodales risus magna ut ligula. Vestibulum sed eros eros. Donec cursus at justo non dignissim. Ut ut quam molestie, malesuada lacus et, auctor nulla. Pellentesque lorem sem, bibendum in porttitor quis, finibus id felis. Phasellus pellentesque rutrum pretium. Fusce scelerisque massa in velit laoreet, sed aliquet magna suscipit.\r\nNam quis malesuada velit, a tincidunt tellus. Pellentesque aliquam, libero eu egestas bibendum, turpis elit sodales risus, ut malesuada ex ipsum quis erat. Aenean rutrum pulvinar imperdiet. Integer feugiat nulla dolor, vitae eleifend quam iaculis sit amet. Pellentesque ut diam leo. Praesent in sagittis purus. Nullam sed aliquet nibh. Donec interdum lacus at massa semper, sit amet scelerisque tortor euismod. Vivamus varius pharetra quam sed tristique. Cras vel finibus felis. Nunc porta semper turpis, sed maximus massa dignissim hendrerit.', 'Cinema money pours back into the film industry but investment remains low', 'Film Industry description description description description description description ', 'img/bl-pig3d.jpg', 5, 'marija', 1, 24, 1, '2024-10-02 21:29:53'),
	(10, 'ARTIFICIA INTELIGENCE (search word: green)\r\nLorem ipsum dolor sit amet, consectetur adipiscing elit. Ut pretium, dolor vitae semper dapibus, lorem sapien semper arcu, convallis porttitor lectus erat non dolor. Integer non nisi quis lorem dictum condimentum. Fusce pellentesque ut erat sed porttitor. Aliquam erat volutpat. Nullam blandit molestie tortor, eu blandit mauris tempor in. Ut ac volutpat mauris. Suspendisse augue turpis, hendrerit quis leo non, ullamcorper sagittis odio. Etiam scelerisque lorem ut viverra hendrerit.\r\nQuisque elementum odio ac nibh facilisis commodo. Vestibulum ultrices, ex sit amet mattis sollicitudin, dui diam fringilla eros, sit amet semper ligula purus eget metus. Sed et tristique ligula. Curabitur lacinia aliquam iaculis. Orci varius natoque penatibus et magnis dis parturient montes, nascetur ridiculus mus. Nam in vehicula justo. Donec nec feugiat justo. Aliquam sit amet arcu scelerisque, gravida nisl ac, molestie urna. Donec luctus volutpat facilisis. Donec orci diam, congue vulputate lorem vel, finibus porta nisi. Aliquam erat volutpat. Donec in velit suscipit, feugiat risus at, euismod nisl. Vivamus a risus id sapien ornare convallis.\r\nSed eget vulputate nulla. In molestie nunc ac gravida efficitur. Etiam pharetra, enim dapibus venenatis suscipit, erat odio rutrum dolor, at ullamcorper sem lorem ut tellus. Duis sit amet augue at sapien euismod cursus. Praesent justo lacus, maximus non diam iaculis, auctor porta erat. Curabitur orci erat, aliquam at nulla vel, lacinia volutpat odio. Suspendisse potenti. Integer suscipit lectus ac dui tincidunt posuere. Aenean augue magna, pharetra in leo quis, cursus pellentesque mi.\r\nNulla facilisi. Nam tincidunt, ipsum id tempor commodo, libero justo rutrum lectus, in sodales risus magna ut ligula. Vestibulum sed eros eros. Donec cursus at justo non dignissim. Ut ut quam molestie, malesuada lacus et, auctor nulla. Pellentesque lorem sem, bibendum in porttitor quis, finibus id felis. Phasellus pellentesque rutrum pretium. Fusce scelerisque massa in velit laoreet, sed aliquet magna suscipit.\r\nNam quis malesuada velit, a tincidunt tellus. Pellentesque aliquam, libero eu egestas bibendum, turpis elit sodales risus, ut malesuada ex ipsum quis erat. Aenean rutrum pulvinar imperdiet. Integer feugiat nulla dolor, vitae eleifend quam iaculis sit amet. Pellentesque ut diam leo. Praesent in sagittis purus. Nullam sed aliquet nibh. Donec interdum lacus at massa semper, sit amet scelerisque tortor euismod. Vivamus varius pharetra quam sed tristique. Cras vel finibus felis. Nunc porta semper turpis, sed maximus massa dignissim hendrerit.', 'Can artificial intelligence improve financial Infrastructure solutions', 'AI description description description description description description description', 'img/bl-blockchain.jpg', 1, 'simeon', 1, 14, 1, '2024-10-17 21:30:38'),
	(11, 'Sheltered bays (search word: black)\r\nLorem ipsum dolor sit amet, consectetur adipiscing elit. Ut pretium, dolor vitae semper dapibus, lorem sapien semper arcu, convallis porttitor lectus erat non dolor. Integer non nisi quis lorem dictum condimentum. Fusce pellentesque ut erat sed porttitor. Aliquam erat volutpat. Nullam blandit molestie tortor, eu blandit mauris tempor in. Ut ac volutpat mauris. Suspendisse augue turpis, hendrerit quis leo non, ullamcorper sagittis odio. Etiam scelerisque lorem ut viverra hendrerit.\r\nQuisque elementum odio ac nibh facilisis commodo. Vestibulum ultrices, ex sit amet mattis sollicitudin, dui diam fringilla eros, sit amet semper ligula purus eget metus. Sed et tristique ligula. Curabitur lacinia aliquam iaculis. Orci varius natoque penatibus et magnis dis parturient montes, nascetur ridiculus mus. Nam in vehicula justo. Donec nec feugiat justo. Aliquam sit amet arcu scelerisque, gravida nisl ac, molestie urna. Donec luctus volutpat facilisis. Donec orci diam, congue vulputate lorem vel, finibus porta nisi. Aliquam erat volutpat. Donec in velit suscipit, feugiat risus at, euismod nisl. Vivamus a risus id sapien ornare convallis.\r\nSed eget vulputate nulla. In molestie nunc ac gravida efficitur. Etiam pharetra, enim dapibus venenatis suscipit, erat odio rutrum dolor, at ullamcorper sem lorem ut tellus. Duis sit amet augue at sapien euismod cursus. Praesent justo lacus, maximus non diam iaculis, auctor porta erat. Curabitur orci erat, aliquam at nulla vel, lacinia volutpat odio. Suspendisse potenti. Integer suscipit lectus ac dui tincidunt posuere. Aenean augue magna, pharetra in leo quis, cursus pellentesque mi.\r\nNulla facilisi. Nam tincidunt, ipsum id tempor commodo, libero justo rutrum lectus, in sodales risus magna ut ligula. Vestibulum sed eros eros. Donec cursus at justo non dignissim. Ut ut quam molestie, malesuada lacus et, auctor nulla. Pellentesque lorem sem, bibendum in porttitor quis, finibus id felis. Phasellus pellentesque rutrum pretium. Fusce scelerisque massa in velit laoreet, sed aliquet magna suscipit.\r\nNam quis malesuada velit, a tincidunt tellus. Pellentesque aliquam, libero eu egestas bibendum, turpis elit sodales risus, ut malesuada ex ipsum quis erat. Aenean rutrum pulvinar imperdiet. Integer feugiat nulla dolor, vitae eleifend quam iaculis sit amet. Pellentesque ut diam leo. Praesent in sagittis purus. Nullam sed aliquet nibh. Donec interdum lacus at massa semper, sit amet scelerisque tortor euismod. Vivamus varius pharetra quam sed tristique. Cras vel finibus felis. Nunc porta semper turpis, sed maximus massa dignissim hendrerit.', 'Sheltered bays are significant sinks for carbon and nutrients', 'Sheltered bays description description description description description description', 'img/bl-swamp.jpg', 7, 'milojko', 1, 7, 1, '2024-11-08 21:31:00'),
	(12, 'EU significant investments (search word: blue)\r\nLorem ipsum dolor sit amet, consectetur adipiscing elit. Ut pretium, dolor vitae semper dapibus, lorem sapien semper arcu, convallis porttitor lectus erat non dolor. Integer non nisi quis lorem dictum condimentum. Fusce pellentesque ut erat sed porttitor. Aliquam erat volutpat. Nullam blandit molestie tortor, eu blandit mauris tempor in. Ut ac volutpat mauris. Suspendisse augue turpis, hendrerit quis leo non, ullamcorper sagittis odio. Etiam scelerisque lorem ut viverra hendrerit.\r\nQuisque elementum odio ac nibh facilisis commodo. Vestibulum ultrices, ex sit amet mattis sollicitudin, dui diam fringilla eros, sit amet semper ligula purus eget metus. Sed et tristique ligula. Curabitur lacinia aliquam iaculis. Orci varius natoque penatibus et magnis dis parturient montes, nascetur ridiculus mus. Nam in vehicula justo. Donec nec feugiat justo. Aliquam sit amet arcu scelerisque, gravida nisl ac, molestie urna. Donec luctus volutpat facilisis. Donec orci diam, congue vulputate lorem vel, finibus porta nisi. Aliquam erat volutpat. Donec in velit suscipit, feugiat risus at, euismod nisl. Vivamus a risus id sapien ornare convallis.\r\nSed eget vulputate nulla. In molestie nunc ac gravida efficitur. Etiam pharetra, enim dapibus venenatis suscipit, erat odio rutrum dolor, at ullamcorper sem lorem ut tellus. Duis sit amet augue at sapien euismod cursus. Praesent justo lacus, maximus non diam iaculis, auctor porta erat. Curabitur orci erat, aliquam at nulla vel, lacinia volutpat odio. Suspendisse potenti. Integer suscipit lectus ac dui tincidunt posuere. Aenean augue magna, pharetra in leo quis, cursus pellentesque mi.\r\nNulla facilisi. Nam tincidunt, ipsum id tempor commodo, libero justo rutrum lectus, in sodales risus magna ut ligula. Vestibulum sed eros eros. Donec cursus at justo non dignissim. Ut ut quam molestie, malesuada lacus et, auctor nulla. Pellentesque lorem sem, bibendum in porttitor quis, finibus id felis. Phasellus pellentesque rutrum pretium. Fusce scelerisque massa in velit laoreet, sed aliquet magna suscipit.\r\nNam quis malesuada velit, a tincidunt tellus. Pellentesque aliquam, libero eu egestas bibendum, turpis elit sodales risus, ut malesuada ex ipsum quis erat. Aenean rutrum pulvinar imperdiet. Integer feugiat nulla dolor, vitae eleifend quam iaculis sit amet. Pellentesque ut diam leo. Praesent in sagittis purus. Nullam sed aliquet nibh. Donec interdum lacus at massa semper, sit amet scelerisque tortor euismod. Vivamus varius pharetra quam sed tristique. Cras vel finibus felis. Nunc porta semper turpis, sed maximus massa dignissim hendrerit.', 'EU pledges significant investments to consolidate its position in Asia', 'EU pledges significant investments description description description description', 'img/bl-investment.jpg', 9, 'andrijana', 1, 9, 1, '2024-11-17 21:31:23'),
	(13, 'U.N. Report (search word: green)\r\nLorem ipsum dolor sit amet, consectetur adipiscing elit. Ut pretium, dolor vitae semper dapibus, lorem sapien semper arcu, convallis porttitor lectus erat non dolor. Integer non nisi quis lorem dictum condimentum. Fusce pellentesque ut erat sed porttitor. Aliquam erat volutpat. Nullam blandit molestie tortor, eu blandit mauris tempor in. Ut ac volutpat mauris. Suspendisse augue turpis, hendrerit quis leo non, ullamcorper sagittis odio. Etiam scelerisque lorem ut viverra hendrerit.\r\nQuisque elementum odio ac nibh facilisis commodo. Vestibulum ultrices, ex sit amet mattis sollicitudin, dui diam fringilla eros, sit amet semper ligula purus eget metus. Sed et tristique ligula. Curabitur lacinia aliquam iaculis. Orci varius natoque penatibus et magnis dis parturient montes, nascetur ridiculus mus. Nam in vehicula justo. Donec nec feugiat justo. Aliquam sit amet arcu scelerisque, gravida nisl ac, molestie urna. Donec luctus volutpat facilisis. Donec orci diam, congue vulputate lorem vel, finibus porta nisi. Aliquam erat volutpat. Donec in velit suscipit, feugiat risus at, euismod nisl. Vivamus a risus id sapien ornare convallis.\r\nSed eget vulputate nulla. In molestie nunc ac gravida efficitur. Etiam pharetra, enim dapibus venenatis suscipit, erat odio rutrum dolor, at ullamcorper sem lorem ut tellus. Duis sit amet augue at sapien euismod cursus. Praesent justo lacus, maximus non diam iaculis, auctor porta erat. Curabitur orci erat, aliquam at nulla vel, lacinia volutpat odio. Suspendisse potenti. Integer suscipit lectus ac dui tincidunt posuere. Aenean augue magna, pharetra in leo quis, cursus pellentesque mi.\r\nNulla facilisi. Nam tincidunt, ipsum id tempor commodo, libero justo rutrum lectus, in sodales risus magna ut ligula. Vestibulum sed eros eros. Donec cursus at justo non dignissim. Ut ut quam molestie, malesuada lacus et, auctor nulla. Pellentesque lorem sem, bibendum in porttitor quis, finibus id felis. Phasellus pellentesque rutrum pretium. Fusce scelerisque massa in velit laoreet, sed aliquet magna suscipit.\r\nNam quis malesuada velit, a tincidunt tellus. Pellentesque aliquam, libero eu egestas bibendum, turpis elit sodales risus, ut malesuada ex ipsum quis erat. Aenean rutrum pulvinar imperdiet. Integer feugiat nulla dolor, vitae eleifend quam iaculis sit amet. Pellentesque ut diam leo. Praesent in sagittis purus. Nullam sed aliquet nibh. Donec interdum lacus at massa semper, sit amet scelerisque tortor euismod. Vivamus varius pharetra quam sed tristique. Cras vel finibus felis. Nunc porta semper turpis, sed maximus massa dignissim hendrerit.', 'U.N. Report Calls for Climate Tech for Food System Resilience', 'U.N. Report description description description description description description', 'img/bl-climateaction.jpg', 3, 'mirko', 1, 15, 1, '2024-12-15 21:31:41'),
	(14, 'Yellow Is the Color of the Moment  (search word: white)\r\nLorem ipsum dolor sit amet, consectetur adipiscing elit. Ut pretium, dolor vitae semper dapibus, lorem sapien semper arcu, convallis porttitor lectus erat non dolor. Integer non nisi quis lorem dictum condimentum. Fusce pellentesque ut erat sed porttitor. Aliquam erat volutpat. Nullam blandit molestie tortor, eu blandit mauris tempor in. Ut ac volutpat mauris. Suspendisse augue turpis, hendrerit quis leo non, ullamcorper sagittis odio. Etiam scelerisque lorem ut viverra hendrerit.\r\nQuisque elementum odio ac nibh facilisis commodo. Vestibulum ultrices, ex sit amet mattis sollicitudin, dui diam fringilla eros, sit amet semper ligula purus eget metus. Sed et tristique ligula. Curabitur lacinia aliquam iaculis. Orci varius natoque penatibus et magnis dis parturient montes, nascetur ridiculus mus. Nam in vehicula justo. Donec nec feugiat justo. Aliquam sit amet arcu scelerisque, gravida nisl ac, molestie urna. Donec luctus volutpat facilisis. Donec orci diam, congue vulputate lorem vel, finibus porta nisi. Aliquam erat volutpat. Donec in velit suscipit, feugiat risus at, euismod nisl. Vivamus a risus id sapien ornare convallis.\r\nSed eget vulputate nulla. In molestie nunc ac gravida efficitur. Etiam pharetra, enim dapibus venenatis suscipit, erat odio rutrum dolor, at ullamcorper sem lorem ut tellus. Duis sit amet augue at sapien euismod cursus. Praesent justo lacus, maximus non diam iaculis, auctor porta erat. Curabitur orci erat, aliquam at nulla vel, lacinia volutpat odio. Suspendisse potenti. Integer suscipit lectus ac dui tincidunt posuere. Aenean augue magna, pharetra in leo quis, cursus pellentesque mi.\r\nNulla facilisi. Nam tincidunt, ipsum id tempor commodo, libero justo rutrum lectus, in sodales risus magna ut ligula. Vestibulum sed eros eros. Donec cursus at justo non dignissim. Ut ut quam molestie, malesuada lacus et, auctor nulla. Pellentesque lorem sem, bibendum in porttitor quis, finibus id felis. Phasellus pellentesque rutrum pretium. Fusce scelerisque massa in velit laoreet, sed aliquet magna suscipit.\r\nNam quis malesuada velit, a tincidunt tellus. Pellentesque aliquam, libero eu egestas bibendum, turpis elit sodales risus, ut malesuada ex ipsum quis erat. Aenean rutrum pulvinar imperdiet. Integer feugiat nulla dolor, vitae eleifend quam iaculis sit amet. Pellentesque ut diam leo. Praesent in sagittis purus. Nullam sed aliquet nibh. Donec interdum lacus at massa semper, sit amet scelerisque tortor euismod. Vivamus varius pharetra quam sed tristique. Cras vel finibus felis. Nunc porta semper turpis, sed maximus massa dignissim hendrerit.', 'A Vibrant New Exhibition Shows Why Yellow Is the Color of the Moment', 'Yellow Is the Color of the Moment description description description', 'img/bl-yellow.jpg', 6, 'simeon', 1, 21, 1, '2024-12-19 21:32:06'),
	(15, 'UN warns: AI could affect half of jobs (search word: black)\r\nLorem ipsum dolor sit amet, consectetur adipiscing elit. Ut pretium, dolor vitae semper dapibus, lorem sapien semper arcu, convallis porttitor lectus erat non dolor. Integer non nisi quis lorem dictum condimentum. Fusce pellentesque ut erat sed porttitor. Aliquam erat volutpat. Nullam blandit molestie tortor, eu blandit mauris tempor in. Ut ac volutpat mauris. Suspendisse augue turpis, hendrerit quis leo non, ullamcorper sagittis odio. Etiam scelerisque lorem ut viverra hendrerit.\r\nQuisque elementum odio ac nibh facilisis commodo. Vestibulum ultrices, ex sit amet mattis sollicitudin, dui diam fringilla eros, sit amet semper ligula purus eget metus. Sed et tristique ligula. Curabitur lacinia aliquam iaculis. Orci varius natoque penatibus et magnis dis parturient montes, nascetur ridiculus mus. Nam in vehicula justo. Donec nec feugiat justo. Aliquam sit amet arcu scelerisque, gravida nisl ac, molestie urna. Donec luctus volutpat facilisis. Donec orci diam, congue vulputate lorem vel, finibus porta nisi. Aliquam erat volutpat. Donec in velit suscipit, feugiat risus at, euismod nisl. Vivamus a risus id sapien ornare convallis.\r\nSed eget vulputate nulla. In molestie nunc ac gravida efficitur. Etiam pharetra, enim dapibus venenatis suscipit, erat odio rutrum dolor, at ullamcorper sem lorem ut tellus. Duis sit amet augue at sapien euismod cursus. Praesent justo lacus, maximus non diam iaculis, auctor porta erat. Curabitur orci erat, aliquam at nulla vel, lacinia volutpat odio. Suspendisse potenti. Integer suscipit lectus ac dui tincidunt posuere. Aenean augue magna, pharetra in leo quis, cursus pellentesque mi.\r\nNulla facilisi. Nam tincidunt, ipsum id tempor commodo, libero justo rutrum lectus, in sodales risus magna ut ligula. Vestibulum sed eros eros. Donec cursus at justo non dignissim. Ut ut quam molestie, malesuada lacus et, auctor nulla. Pellentesque lorem sem, bibendum in porttitor quis, finibus id felis. Phasellus pellentesque rutrum pretium. Fusce scelerisque massa in velit laoreet, sed aliquet magna suscipit.\r\nNam quis malesuada velit, a tincidunt tellus. Pellentesque aliquam, libero eu egestas bibendum, turpis elit sodales risus, ut malesuada ex ipsum quis erat. Aenean rutrum pulvinar imperdiet. Integer feugiat nulla dolor, vitae eleifend quam iaculis sit amet. Pellentesque ut diam leo. Praesent in sagittis purus. Nullam sed aliquet nibh. Donec interdum lacus at massa semper, sit amet scelerisque tortor euismod. Vivamus varius pharetra quam sed tristique. Cras vel finibus felis. Nunc porta semper turpis, sed maximus massa dignissim hendrerit.', 'UN warns: AI could affect half of jobs and widen inequality between nations', 'AI could affect half of jobs description description description description', 'img/bl-aieconomy.jpg', 8, 'dragana', 1, 17, 0, '2025-01-10 21:32:38'),
	(16, 'Luxury mountain lodges (search word: blue)\r\nLorem ipsum dolor sit amet, consectetur adipiscing elit. Ut pretium, dolor vitae semper dapibus, lorem sapien semper arcu, convallis porttitor lectus erat non dolor. Integer non nisi quis lorem dictum condimentum. Fusce pellentesque ut erat sed porttitor. Aliquam erat volutpat. Nullam blandit molestie tortor, eu blandit mauris tempor in. Ut ac volutpat mauris. Suspendisse augue turpis, hendrerit quis leo non, ullamcorper sagittis odio. Etiam scelerisque lorem ut viverra hendrerit.\r\nQuisque elementum odio ac nibh facilisis commodo. Vestibulum ultrices, ex sit amet mattis sollicitudin, dui diam fringilla eros, sit amet semper ligula purus eget metus. Sed et tristique ligula. Curabitur lacinia aliquam iaculis. Orci varius natoque penatibus et magnis dis parturient montes, nascetur ridiculus mus. Nam in vehicula justo. Donec nec feugiat justo. Aliquam sit amet arcu scelerisque, gravida nisl ac, molestie urna. Donec luctus volutpat facilisis. Donec orci diam, congue vulputate lorem vel, finibus porta nisi. Aliquam erat volutpat. Donec in velit suscipit, feugiat risus at, euismod nisl. Vivamus a risus id sapien ornare convallis.\r\nSed eget vulputate nulla. In molestie nunc ac gravida efficitur. Etiam pharetra, enim dapibus venenatis suscipit, erat odio rutrum dolor, at ullamcorper sem lorem ut tellus. Duis sit amet augue at sapien euismod cursus. Praesent justo lacus, maximus non diam iaculis, auctor porta erat. Curabitur orci erat, aliquam at nulla vel, lacinia volutpat odio. Suspendisse potenti. Integer suscipit lectus ac dui tincidunt posuere. Aenean augue magna, pharetra in leo quis, cursus pellentesque mi.\r\nNulla facilisi. Nam tincidunt, ipsum id tempor commodo, libero justo rutrum lectus, in sodales risus magna ut ligula. Vestibulum sed eros eros. Donec cursus at justo non dignissim. Ut ut quam molestie, malesuada lacus et, auctor nulla. Pellentesque lorem sem, bibendum in porttitor quis, finibus id felis. Phasellus pellentesque rutrum pretium. Fusce scelerisque massa in velit laoreet, sed aliquet magna suscipit.\r\nNam quis malesuada velit, a tincidunt tellus. Pellentesque aliquam, libero eu egestas bibendum, turpis elit sodales risus, ut malesuada ex ipsum quis erat. Aenean rutrum pulvinar imperdiet. Integer feugiat nulla dolor, vitae eleifend quam iaculis sit amet. Pellentesque ut diam leo. Praesent in sagittis purus. Nullam sed aliquet nibh. Donec interdum lacus at massa semper, sit amet scelerisque tortor euismod. Vivamus varius pharetra quam sed tristique. Cras vel finibus felis. Nunc porta semper turpis, sed maximus massa dignissim hendrerit.', 'Luxury mountain lodges look perfect, but could block access to national parks', 'Luxury mountain lodges description description description description', 'img/bl-wilderness.jpg', 7, 'zorica', 1, 23, 1, '2025-01-12 21:32:58'),
	(17, 'Discriminatory EU visa policy (search word: green)\r\nLorem ipsum dolor sit amet, consectetur adipiscing elit. Ut pretium, dolor vitae semper dapibus, lorem sapien semper arcu, convallis porttitor lectus erat non dolor. Integer non nisi quis lorem dictum condimentum. Fusce pellentesque ut erat sed porttitor. Aliquam erat volutpat. Nullam blandit molestie tortor, eu blandit mauris tempor in. Ut ac volutpat mauris. Suspendisse augue turpis, hendrerit quis leo non, ullamcorper sagittis odio. Etiam scelerisque lorem ut viverra hendrerit.\r\nQuisque elementum odio ac nibh facilisis commodo. Vestibulum ultrices, ex sit amet mattis sollicitudin, dui diam fringilla eros, sit amet semper ligula purus eget metus. Sed et tristique ligula. Curabitur lacinia aliquam iaculis. Orci varius natoque penatibus et magnis dis parturient montes, nascetur ridiculus mus. Nam in vehicula justo. Donec nec feugiat justo. Aliquam sit amet arcu scelerisque, gravida nisl ac, molestie urna. Donec luctus volutpat facilisis. Donec orci diam, congue vulputate lorem vel, finibus porta nisi. Aliquam erat volutpat. Donec in velit suscipit, feugiat risus at, euismod nisl. Vivamus a risus id sapien ornare convallis.\r\nSed eget vulputate nulla. In molestie nunc ac gravida efficitur. Etiam pharetra, enim dapibus venenatis suscipit, erat odio rutrum dolor, at ullamcorper sem lorem ut tellus. Duis sit amet augue at sapien euismod cursus. Praesent justo lacus, maximus non diam iaculis, auctor porta erat. Curabitur orci erat, aliquam at nulla vel, lacinia volutpat odio. Suspendisse potenti. Integer suscipit lectus ac dui tincidunt posuere. Aenean augue magna, pharetra in leo quis, cursus pellentesque mi.\r\nNulla facilisi. Nam tincidunt, ipsum id tempor commodo, libero justo rutrum lectus, in sodales risus magna ut ligula. Vestibulum sed eros eros. Donec cursus at justo non dignissim. Ut ut quam molestie, malesuada lacus et, auctor nulla. Pellentesque lorem sem, bibendum in porttitor quis, finibus id felis. Phasellus pellentesque rutrum pretium. Fusce scelerisque massa in velit laoreet, sed aliquet magna suscipit.\r\nNam quis malesuada velit, a tincidunt tellus. Pellentesque aliquam, libero eu egestas bibendum, turpis elit sodales risus, ut malesuada ex ipsum quis erat. Aenean rutrum pulvinar imperdiet. Integer feugiat nulla dolor, vitae eleifend quam iaculis sit amet. Pellentesque ut diam leo. Praesent in sagittis purus. Nullam sed aliquet nibh. Donec interdum lacus at massa semper, sit amet scelerisque tortor euismod. Vivamus varius pharetra quam sed tristique. Cras vel finibus felis. Nunc porta semper turpis, sed maximus massa dignissim hendrerit.', 'Discriminatory EU visa policy is hurting bloc\'s image in Africa', 'Discriminatory EU visa policy description description description description', 'img/bl-eu-flag.jpg', 9, 'suncica', 1, 8, 1, '2025-01-25 21:33:21'),
	(18, 'Farmland loans (search word: white)\r\nLorem ipsum dolor sit amet, consectetur adipiscing elit. Ut pretium, dolor vitae semper dapibus, lorem sapien semper arcu, convallis porttitor lectus erat non dolor. Integer non nisi quis lorem dictum condimentum. Fusce pellentesque ut erat sed porttitor. Aliquam erat volutpat. Nullam blandit molestie tortor, eu blandit mauris tempor in. Ut ac volutpat mauris. Suspendisse augue turpis, hendrerit quis leo non, ullamcorper sagittis odio. Etiam scelerisque lorem ut viverra hendrerit.\r\nQuisque elementum odio ac nibh facilisis commodo. Vestibulum ultrices, ex sit amet mattis sollicitudin, dui diam fringilla eros, sit amet semper ligula purus eget metus. Sed et tristique ligula. Curabitur lacinia aliquam iaculis. Orci varius natoque penatibus et magnis dis parturient montes, nascetur ridiculus mus. Nam in vehicula justo. Donec nec feugiat justo. Aliquam sit amet arcu scelerisque, gravida nisl ac, molestie urna. Donec luctus volutpat facilisis. Donec orci diam, congue vulputate lorem vel, finibus porta nisi. Aliquam erat volutpat. Donec in velit suscipit, feugiat risus at, euismod nisl. Vivamus a risus id sapien ornare convallis.\r\nSed eget vulputate nulla. In molestie nunc ac gravida efficitur. Etiam pharetra, enim dapibus venenatis suscipit, erat odio rutrum dolor, at ullamcorper sem lorem ut tellus. Duis sit amet augue at sapien euismod cursus. Praesent justo lacus, maximus non diam iaculis, auctor porta erat. Curabitur orci erat, aliquam at nulla vel, lacinia volutpat odio. Suspendisse potenti. Integer suscipit lectus ac dui tincidunt posuere. Aenean augue magna, pharetra in leo quis, cursus pellentesque mi.\r\nNulla facilisi. Nam tincidunt, ipsum id tempor commodo, libero justo rutrum lectus, in sodales risus magna ut ligula. Vestibulum sed eros eros. Donec cursus at justo non dignissim. Ut ut quam molestie, malesuada lacus et, auctor nulla. Pellentesque lorem sem, bibendum in porttitor quis, finibus id felis. Phasellus pellentesque rutrum pretium. Fusce scelerisque massa in velit laoreet, sed aliquet magna suscipit.\r\nNam quis malesuada velit, a tincidunt tellus. Pellentesque aliquam, libero eu egestas bibendum, turpis elit sodales risus, ut malesuada ex ipsum quis erat. Aenean rutrum pulvinar imperdiet. Integer feugiat nulla dolor, vitae eleifend quam iaculis sit amet. Pellentesque ut diam leo. Praesent in sagittis purus. Nullam sed aliquet nibh. Donec interdum lacus at massa semper, sit amet scelerisque tortor euismod. Vivamus varius pharetra quam sed tristique. Cras vel finibus felis. Nunc porta semper turpis, sed maximus massa dignissim hendrerit.', 'Farmland loans for regenerative agriculture (test: pink)', 'Farmland loans description description description description description', 'img/bl-farming.jpg', 3, 'mirko', 1, 14, 1, '2025-01-26 21:33:34'),
	(19, 'Art criticism (search word: green)\r\nLorem ipsum dolor sit amet, consectetur adipiscing elit. Ut pretium, dolor vitae semper dapibus, lorem sapien semper arcu, convallis porttitor lectus erat non dolor. Integer non nisi quis lorem dictum condimentum. Fusce pellentesque ut erat sed porttitor. Aliquam erat volutpat. Nullam blandit molestie tortor, eu blandit mauris tempor in. Ut ac volutpat mauris. Suspendisse augue turpis, hendrerit quis leo non, ullamcorper sagittis odio. Etiam scelerisque lorem ut viverra hendrerit.\r\nQuisque elementum odio ac nibh facilisis commodo. Vestibulum ultrices, ex sit amet mattis sollicitudin, dui diam fringilla eros, sit amet semper ligula purus eget metus. Sed et tristique ligula. Curabitur lacinia aliquam iaculis. Orci varius natoque penatibus et magnis dis parturient montes, nascetur ridiculus mus. Nam in vehicula justo. Donec nec feugiat justo. Aliquam sit amet arcu scelerisque, gravida nisl ac, molestie urna. Donec luctus volutpat facilisis. Donec orci diam, congue vulputate lorem vel, finibus porta nisi. Aliquam erat volutpat. Donec in velit suscipit, feugiat risus at, euismod nisl. Vivamus a risus id sapien ornare convallis.\r\nSed eget vulputate nulla. In molestie nunc ac gravida efficitur. Etiam pharetra, enim dapibus venenatis suscipit, erat odio rutrum dolor, at ullamcorper sem lorem ut tellus. Duis sit amet augue at sapien euismod cursus. Praesent justo lacus, maximus non diam iaculis, auctor porta erat. Curabitur orci erat, aliquam at nulla vel, lacinia volutpat odio. Suspendisse potenti. Integer suscipit lectus ac dui tincidunt posuere. Aenean augue magna, pharetra in leo quis, cursus pellentesque mi.\r\nNulla facilisi. Nam tincidunt, ipsum id tempor commodo, libero justo rutrum lectus, in sodales risus magna ut ligula. Vestibulum sed eros eros. Donec cursus at justo non dignissim. Ut ut quam molestie, malesuada lacus et, auctor nulla. Pellentesque lorem sem, bibendum in porttitor quis, finibus id felis. Phasellus pellentesque rutrum pretium. Fusce scelerisque massa in velit laoreet, sed aliquet magna suscipit.\r\nNam quis malesuada velit, a tincidunt tellus. Pellentesque aliquam, libero eu egestas bibendum, turpis elit sodales risus, ut malesuada ex ipsum quis erat. Aenean rutrum pulvinar imperdiet. Integer feugiat nulla dolor, vitae eleifend quam iaculis sit amet. Pellentesque ut diam leo. Praesent in sagittis purus. Nullam sed aliquet nibh. Donec interdum lacus at massa semper, sit amet scelerisque tortor euismod. Vivamus varius pharetra quam sed tristique. Cras vel finibus felis. Nunc porta semper turpis, sed maximus massa dignissim hendrerit.', 'Is art criticism getting more conservative, or just more burnt out', 'Art criticism (test: pink) description description description description description description', 'img/bl-exibition.jpg', 6, 'milojko', 1, 16, 1, '2025-01-28 21:33:51'),
	(20, 'ChatGPT (search word: white)\r\nLorem ipsum dolor sit amet, consectetur adipiscing elit. Ut pretium, dolor vitae semper dapibus, lorem sapien semper arcu, convallis porttitor lectus erat non dolor. Integer non nisi quis lorem dictum condimentum. Fusce pellentesque ut erat sed porttitor. Aliquam erat volutpat. Nullam blandit molestie tortor, eu blandit mauris tempor in. Ut ac volutpat mauris. Suspendisse augue turpis, hendrerit quis leo non, ullamcorper sagittis odio. Etiam scelerisque lorem ut viverra hendrerit.\r\nQuisque elementum odio ac nibh facilisis commodo. Vestibulum ultrices, ex sit amet mattis sollicitudin, dui diam fringilla eros, sit amet semper ligula purus eget metus. Sed et tristique ligula. Curabitur lacinia aliquam iaculis. Orci varius natoque penatibus et magnis dis parturient montes, nascetur ridiculus mus. Nam in vehicula justo. Donec nec feugiat justo. Aliquam sit amet arcu scelerisque, gravida nisl ac, molestie urna. Donec luctus volutpat facilisis. Donec orci diam, congue vulputate lorem vel, finibus porta nisi. Aliquam erat volutpat. Donec in velit suscipit, feugiat risus at, euismod nisl. Vivamus a risus id sapien ornare convallis.\r\nSed eget vulputate nulla. In molestie nunc ac gravida efficitur. Etiam pharetra, enim dapibus venenatis suscipit, erat odio rutrum dolor, at ullamcorper sem lorem ut tellus. Duis sit amet augue at sapien euismod cursus. Praesent justo lacus, maximus non diam iaculis, auctor porta erat. Curabitur orci erat, aliquam at nulla vel, lacinia volutpat odio. Suspendisse potenti. Integer suscipit lectus ac dui tincidunt posuere. Aenean augue magna, pharetra in leo quis, cursus pellentesque mi.\r\nNulla facilisi. Nam tincidunt, ipsum id tempor commodo, libero justo rutrum lectus, in sodales risus magna ut ligula. Vestibulum sed eros eros. Donec cursus at justo non dignissim. Ut ut quam molestie, malesuada lacus et, auctor nulla. Pellentesque lorem sem, bibendum in porttitor quis, finibus id felis. Phasellus pellentesque rutrum pretium. Fusce scelerisque massa in velit laoreet, sed aliquet magna suscipit.\r\nNam quis malesuada velit, a tincidunt tellus. Pellentesque aliquam, libero eu egestas bibendum, turpis elit sodales risus, ut malesuada ex ipsum quis erat. Aenean rutrum pulvinar imperdiet. Integer feugiat nulla dolor, vitae eleifend quam iaculis sit amet. Pellentesque ut diam leo. Praesent in sagittis purus. Nullam sed aliquet nibh. Donec interdum lacus at massa semper, sit amet scelerisque tortor euismod. Vivamus varius pharetra quam sed tristique. Cras vel finibus felis. Nunc porta semper turpis, sed maximus massa dignissim hendrerit.', 'ChatGPT, intellectual humility and a collective crucible of collaboration', 'ChatGPT description description description description description', 'img/bl-artificial-intelligence.jpg', 8, 'andrijana', 1, 26, 1, '2025-02-02 21:34:14'),
	(21, 'Forests and CO2 (search word: white)\r\nLorem ipsum dolor sit amet, consectetur adipiscing elit. Ut pretium, dolor vitae semper dapibus, lorem sapien semper arcu, convallis porttitor lectus erat non dolor. Integer non nisi quis lorem dictum condimentum. Fusce pellentesque ut erat sed porttitor. Aliquam erat volutpat. Nullam blandit molestie tortor, eu blandit mauris tempor in. Ut ac volutpat mauris. Suspendisse augue turpis, hendrerit quis leo non, ullamcorper sagittis odio. Etiam scelerisque lorem ut viverra hendrerit.\r\nQuisque elementum odio ac nibh facilisis commodo. Vestibulum ultrices, ex sit amet mattis sollicitudin, dui diam fringilla eros, sit amet semper ligula purus eget metus. Sed et tristique ligula. Curabitur lacinia aliquam iaculis. Orci varius natoque penatibus et magnis dis parturient montes, nascetur ridiculus mus. Nam in vehicula justo. Donec nec feugiat justo. Aliquam sit amet arcu scelerisque, gravida nisl ac, molestie urna. Donec luctus volutpat facilisis. Donec orci diam, congue vulputate lorem vel, finibus porta nisi. Aliquam erat volutpat. Donec in velit suscipit, feugiat risus at, euismod nisl. Vivamus a risus id sapien ornare convallis.\r\nSed eget vulputate nulla. In molestie nunc ac gravida efficitur. Etiam pharetra, enim dapibus venenatis suscipit, erat odio rutrum dolor, at ullamcorper sem lorem ut tellus. Duis sit amet augue at sapien euismod cursus. Praesent justo lacus, maximus non diam iaculis, auctor porta erat. Curabitur orci erat, aliquam at nulla vel, lacinia volutpat odio. Suspendisse potenti. Integer suscipit lectus ac dui tincidunt posuere. Aenean augue magna, pharetra in leo quis, cursus pellentesque mi.\r\nNulla facilisi. Nam tincidunt, ipsum id tempor commodo, libero justo rutrum lectus, in sodales risus magna ut ligula. Vestibulum sed eros eros. Donec cursus at justo non dignissim. Ut ut quam molestie, malesuada lacus et, auctor nulla. Pellentesque lorem sem, bibendum in porttitor quis, finibus id felis. Phasellus pellentesque rutrum pretium. Fusce scelerisque massa in velit laoreet, sed aliquet magna suscipit.\r\nNam quis malesuada velit, a tincidunt tellus. Pellentesque aliquam, libero eu egestas bibendum, turpis elit sodales risus, ut malesuada ex ipsum quis erat. Aenean rutrum pulvinar imperdiet. Integer feugiat nulla dolor, vitae eleifend quam iaculis sit amet. Pellentesque ut diam leo. Praesent in sagittis purus. Nullam sed aliquet nibh. Donec interdum lacus at massa semper, sit amet scelerisque tortor euismod. Vivamus varius pharetra quam sed tristique. Cras vel finibus felis. Nunc porta semper turpis, sed maximus massa dignissim hendrerit.', 'Forests may grow more slowly than expected as CO2 levels rise', 'Forests and CO2 description description description description description', 'img/bl-trees.jpg', 7, 'simeon', 1, 20, 1, '2025-02-05 21:34:28'),
	(22, 'EU and AI race (search word: green)\r\nLorem ipsum dolor sit amet, consectetur adipiscing elit. Ut pretium, dolor vitae semper dapibus, lorem sapien semper arcu, convallis porttitor lectus erat non dolor. Integer non nisi quis lorem dictum condimentum. Fusce pellentesque ut erat sed porttitor. Aliquam erat volutpat. Nullam blandit molestie tortor, eu blandit mauris tempor in. Ut ac volutpat mauris. Suspendisse augue turpis, hendrerit quis leo non, ullamcorper sagittis odio. Etiam scelerisque lorem ut viverra hendrerit.\r\nQuisque elementum odio ac nibh facilisis commodo. Vestibulum ultrices, ex sit amet mattis sollicitudin, dui diam fringilla eros, sit amet semper ligula purus eget metus. Sed et tristique ligula. Curabitur lacinia aliquam iaculis. Orci varius natoque penatibus et magnis dis parturient montes, nascetur ridiculus mus. Nam in vehicula justo. Donec nec feugiat justo. Aliquam sit amet arcu scelerisque, gravida nisl ac, molestie urna. Donec luctus volutpat facilisis. Donec orci diam, congue vulputate lorem vel, finibus porta nisi. Aliquam erat volutpat. Donec in velit suscipit, feugiat risus at, euismod nisl. Vivamus a risus id sapien ornare convallis.\r\nSed eget vulputate nulla. In molestie nunc ac gravida efficitur. Etiam pharetra, enim dapibus venenatis suscipit, erat odio rutrum dolor, at ullamcorper sem lorem ut tellus. Duis sit amet augue at sapien euismod cursus. Praesent justo lacus, maximus non diam iaculis, auctor porta erat. Curabitur orci erat, aliquam at nulla vel, lacinia volutpat odio. Suspendisse potenti. Integer suscipit lectus ac dui tincidunt posuere. Aenean augue magna, pharetra in leo quis, cursus pellentesque mi.\r\nNulla facilisi. Nam tincidunt, ipsum id tempor commodo, libero justo rutrum lectus, in sodales risus magna ut ligula. Vestibulum sed eros eros. Donec cursus at justo non dignissim. Ut ut quam molestie, malesuada lacus et, auctor nulla. Pellentesque lorem sem, bibendum in porttitor quis, finibus id felis. Phasellus pellentesque rutrum pretium. Fusce scelerisque massa in velit laoreet, sed aliquet magna suscipit.\r\nNam quis malesuada velit, a tincidunt tellus. Pellentesque aliquam, libero eu egestas bibendum, turpis elit sodales risus, ut malesuada ex ipsum quis erat. Aenean rutrum pulvinar imperdiet. Integer feugiat nulla dolor, vitae eleifend quam iaculis sit amet. Pellentesque ut diam leo. Praesent in sagittis purus. Nullam sed aliquet nibh. Donec interdum lacus at massa semper, sit amet scelerisque tortor euismod. Vivamus varius pharetra quam sed tristique. Cras vel finibus felis. Nunc porta semper turpis, sed maximus massa dignissim hendrerit.', 'Steering the digital future: EU and the race to achieve AI milestones', 'EU and AI race description description description description description', 'img/bl-ai-robot.jpg', 1, 'marija', 1, 8, 1, '2025-02-17 21:34:45'),
	(23, 'The future of food (search word: white)\r\nLorem ipsum dolor sit amet, consectetur adipiscing elit. Ut pretium, dolor vitae semper dapibus, lorem sapien semper arcu, convallis porttitor lectus erat non dolor. Integer non nisi quis lorem dictum condimentum. Fusce pellentesque ut erat sed porttitor. Aliquam erat volutpat. Nullam blandit molestie tortor, eu blandit mauris tempor in. Ut ac volutpat mauris. Suspendisse augue turpis, hendrerit quis leo non, ullamcorper sagittis odio. Etiam scelerisque lorem ut viverra hendrerit.\r\nQuisque elementum odio ac nibh facilisis commodo. Vestibulum ultrices, ex sit amet mattis sollicitudin, dui diam fringilla eros, sit amet semper ligula purus eget metus. Sed et tristique ligula. Curabitur lacinia aliquam iaculis. Orci varius natoque penatibus et magnis dis parturient montes, nascetur ridiculus mus. Nam in vehicula justo. Donec nec feugiat justo. Aliquam sit amet arcu scelerisque, gravida nisl ac, molestie urna. Donec luctus volutpat facilisis. Donec orci diam, congue vulputate lorem vel, finibus porta nisi. Aliquam erat volutpat. Donec in velit suscipit, feugiat risus at, euismod nisl. Vivamus a risus id sapien ornare convallis.\r\nSed eget vulputate nulla. In molestie nunc ac gravida efficitur. Etiam pharetra, enim dapibus venenatis suscipit, erat odio rutrum dolor, at ullamcorper sem lorem ut tellus. Duis sit amet augue at sapien euismod cursus. Praesent justo lacus, maximus non diam iaculis, auctor porta erat. Curabitur orci erat, aliquam at nulla vel, lacinia volutpat odio. Suspendisse potenti. Integer suscipit lectus ac dui tincidunt posuere. Aenean augue magna, pharetra in leo quis, cursus pellentesque mi.\r\nNulla facilisi. Nam tincidunt, ipsum id tempor commodo, libero justo rutrum lectus, in sodales risus magna ut ligula. Vestibulum sed eros eros. Donec cursus at justo non dignissim. Ut ut quam molestie, malesuada lacus et, auctor nulla. Pellentesque lorem sem, bibendum in porttitor quis, finibus id felis. Phasellus pellentesque rutrum pretium. Fusce scelerisque massa in velit laoreet, sed aliquet magna suscipit.\r\nNam quis malesuada velit, a tincidunt tellus. Pellentesque aliquam, libero eu egestas bibendum, turpis elit sodales risus, ut malesuada ex ipsum quis erat. Aenean rutrum pulvinar imperdiet. Integer feugiat nulla dolor, vitae eleifend quam iaculis sit amet. Pellentesque ut diam leo. Praesent in sagittis purus. Nullam sed aliquet nibh. Donec interdum lacus at massa semper, sit amet scelerisque tortor euismod. Vivamus varius pharetra quam sed tristique. Cras vel finibus felis. Nunc porta semper turpis, sed maximus massa dignissim hendrerit.', 'The future of food Is zero waste - are we ready (test: pink)', 'The future of food description description description description description', 'img/bl-raspberries.jpg', 3, 'suncica', 1, 16, 1, '2025-02-20 21:35:08'),
	(24, 'Museums - X-odus (search word: white)\r\nLorem ipsum dolor sit amet, consectetur adipiscing elit. Ut pretium, dolor vitae semper dapibus, lorem sapien semper arcu, convallis porttitor lectus erat non dolor. Integer non nisi quis lorem dictum condimentum. Fusce pellentesque ut erat sed porttitor. Aliquam erat volutpat. Nullam blandit molestie tortor, eu blandit mauris tempor in. Ut ac volutpat mauris. Suspendisse augue turpis, hendrerit quis leo non, ullamcorper sagittis odio. Etiam scelerisque lorem ut viverra hendrerit.\r\nQuisque elementum odio ac nibh facilisis commodo. Vestibulum ultrices, ex sit amet mattis sollicitudin, dui diam fringilla eros, sit amet semper ligula purus eget metus. Sed et tristique ligula. Curabitur lacinia aliquam iaculis. Orci varius natoque penatibus et magnis dis parturient montes, nascetur ridiculus mus. Nam in vehicula justo. Donec nec feugiat justo. Aliquam sit amet arcu scelerisque, gravida nisl ac, molestie urna. Donec luctus volutpat facilisis. Donec orci diam, congue vulputate lorem vel, finibus porta nisi. Aliquam erat volutpat. Donec in velit suscipit, feugiat risus at, euismod nisl. Vivamus a risus id sapien ornare convallis.\r\nSed eget vulputate nulla. In molestie nunc ac gravida efficitur. Etiam pharetra, enim dapibus venenatis suscipit, erat odio rutrum dolor, at ullamcorper sem lorem ut tellus. Duis sit amet augue at sapien euismod cursus. Praesent justo lacus, maximus non diam iaculis, auctor porta erat. Curabitur orci erat, aliquam at nulla vel, lacinia volutpat odio. Suspendisse potenti. Integer suscipit lectus ac dui tincidunt posuere. Aenean augue magna, pharetra in leo quis, cursus pellentesque mi.\r\nNulla facilisi. Nam tincidunt, ipsum id tempor commodo, libero justo rutrum lectus, in sodales risus magna ut ligula. Vestibulum sed eros eros. Donec cursus at justo non dignissim. Ut ut quam molestie, malesuada lacus et, auctor nulla. Pellentesque lorem sem, bibendum in porttitor quis, finibus id felis. Phasellus pellentesque rutrum pretium. Fusce scelerisque massa in velit laoreet, sed aliquet magna suscipit.\r\nNam quis malesuada velit, a tincidunt tellus. Pellentesque aliquam, libero eu egestas bibendum, turpis elit sodales risus, ut malesuada ex ipsum quis erat. Aenean rutrum pulvinar imperdiet. Integer feugiat nulla dolor, vitae eleifend quam iaculis sit amet. Pellentesque ut diam leo. Praesent in sagittis purus. Nullam sed aliquet nibh. Donec interdum lacus at massa semper, sit amet scelerisque tortor euismod. Vivamus varius pharetra quam sed tristique. Cras vel finibus felis. Nunc porta semper turpis, sed maximus massa dignissim hendrerit.', 'Museums are losing social media followers amid users\' mass X-odus', 'Museums - X-odus description description description description description', 'img/bl-museum.jpg', 6, 'mirko', 1, 7, 0, '2025-03-01 21:35:32'),
	(25, 'World Bank (search word: green)\r\nLorem ipsum dolor sit amet, consectetur adipiscing elit. Ut pretium, dolor vitae semper dapibus, lorem sapien semper arcu, convallis porttitor lectus erat non dolor. Integer non nisi quis lorem dictum condimentum. Fusce pellentesque ut erat sed porttitor. Aliquam erat volutpat. Nullam blandit molestie tortor, eu blandit mauris tempor in. Ut ac volutpat mauris. Suspendisse augue turpis, hendrerit quis leo non, ullamcorper sagittis odio. Etiam scelerisque lorem ut viverra hendrerit.\r\nQuisque elementum odio ac nibh facilisis commodo. Vestibulum ultrices, ex sit amet mattis sollicitudin, dui diam fringilla eros, sit amet semper ligula purus eget metus. Sed et tristique ligula. Curabitur lacinia aliquam iaculis. Orci varius natoque penatibus et magnis dis parturient montes, nascetur ridiculus mus. Nam in vehicula justo. Donec nec feugiat justo. Aliquam sit amet arcu scelerisque, gravida nisl ac, molestie urna. Donec luctus volutpat facilisis. Donec orci diam, congue vulputate lorem vel, finibus porta nisi. Aliquam erat volutpat. Donec in velit suscipit, feugiat risus at, euismod nisl. Vivamus a risus id sapien ornare convallis.\r\nSed eget vulputate nulla. In molestie nunc ac gravida efficitur. Etiam pharetra, enim dapibus venenatis suscipit, erat odio rutrum dolor, at ullamcorper sem lorem ut tellus. Duis sit amet augue at sapien euismod cursus. Praesent justo lacus, maximus non diam iaculis, auctor porta erat. Curabitur orci erat, aliquam at nulla vel, lacinia volutpat odio. Suspendisse potenti. Integer suscipit lectus ac dui tincidunt posuere. Aenean augue magna, pharetra in leo quis, cursus pellentesque mi.\r\nNulla facilisi. Nam tincidunt, ipsum id tempor commodo, libero justo rutrum lectus, in sodales risus magna ut ligula. Vestibulum sed eros eros. Donec cursus at justo non dignissim. Ut ut quam molestie, malesuada lacus et, auctor nulla. Pellentesque lorem sem, bibendum in porttitor quis, finibus id felis. Phasellus pellentesque rutrum pretium. Fusce scelerisque massa in velit laoreet, sed aliquet magna suscipit.\r\nNam quis malesuada velit, a tincidunt tellus. Pellentesque aliquam, libero eu egestas bibendum, turpis elit sodales risus, ut malesuada ex ipsum quis erat. Aenean rutrum pulvinar imperdiet. Integer feugiat nulla dolor, vitae eleifend quam iaculis sit amet. Pellentesque ut diam leo. Praesent in sagittis purus. Nullam sed aliquet nibh. Donec interdum lacus at massa semper, sit amet scelerisque tortor euismod. Vivamus varius pharetra quam sed tristique. Cras vel finibus felis. Nunc porta semper turpis, sed maximus massa dignissim hendrerit.', 'World Bank raises global economic forecast, citing financial strength', 'World Bank description description description description description description', 'img/bl-cashbox.jpg', 8, 'suncica', 1, 10, 1, '2025-03-06 21:35:51'),
	(26, 'Coral and sea restoration (search word: green)\r\nLorem ipsum dolor sit amet, consectetur adipiscing elit. Ut pretium, dolor vitae semper dapibus, lorem sapien semper arcu, convallis porttitor lectus erat non dolor. Integer non nisi quis lorem dictum condimentum. Fusce pellentesque ut erat sed porttitor. Aliquam erat volutpat. Nullam blandit molestie tortor, eu blandit mauris tempor in. Ut ac volutpat mauris. Suspendisse augue turpis, hendrerit quis leo non, ullamcorper sagittis odio. Etiam scelerisque lorem ut viverra hendrerit.\r\nQuisque elementum odio ac nibh facilisis commodo. Vestibulum ultrices, ex sit amet mattis sollicitudin, dui diam fringilla eros, sit amet semper ligula purus eget metus. Sed et tristique ligula. Curabitur lacinia aliquam iaculis. Orci varius natoque penatibus et magnis dis parturient montes, nascetur ridiculus mus. Nam in vehicula justo. Donec nec feugiat justo. Aliquam sit amet arcu scelerisque, gravida nisl ac, molestie urna. Donec luctus volutpat facilisis. Donec orci diam, congue vulputate lorem vel, finibus porta nisi. Aliquam erat volutpat. Donec in velit suscipit, feugiat risus at, euismod nisl. Vivamus a risus id sapien ornare convallis.\r\nSed eget vulputate nulla. In molestie nunc ac gravida efficitur. Etiam pharetra, enim dapibus venenatis suscipit, erat odio rutrum dolor, at ullamcorper sem lorem ut tellus. Duis sit amet augue at sapien euismod cursus. Praesent justo lacus, maximus non diam iaculis, auctor porta erat. Curabitur orci erat, aliquam at nulla vel, lacinia volutpat odio. Suspendisse potenti. Integer suscipit lectus ac dui tincidunt posuere. Aenean augue magna, pharetra in leo quis, cursus pellentesque mi.\r\nNulla facilisi. Nam tincidunt, ipsum id tempor commodo, libero justo rutrum lectus, in sodales risus magna ut ligula. Vestibulum sed eros eros. Donec cursus at justo non dignissim. Ut ut quam molestie, malesuada lacus et, auctor nulla. Pellentesque lorem sem, bibendum in porttitor quis, finibus id felis. Phasellus pellentesque rutrum pretium. Fusce scelerisque massa in velit laoreet, sed aliquet magna suscipit.\r\nNam quis malesuada velit, a tincidunt tellus. Pellentesque aliquam, libero eu egestas bibendum, turpis elit sodales risus, ut malesuada ex ipsum quis erat. Aenean rutrum pulvinar imperdiet. Integer feugiat nulla dolor, vitae eleifend quam iaculis sit amet. Pellentesque ut diam leo. Praesent in sagittis purus. Nullam sed aliquet nibh. Donec interdum lacus at massa semper, sit amet scelerisque tortor euismod. Vivamus varius pharetra quam sed tristique. Cras vel finibus felis. Nunc porta semper turpis, sed maximus massa dignissim hendrerit.', 'Coral diseases and water quality play a key role for sea restoration and survival efforts', 'Coral and sea restoration description description description description description', 'img/bl-coral.jpg', 7, 'simeon', 1, 2, 1, '2025-03-19 21:36:11'),
	(27, 'European leaders push defense (search word: white)\r\nLorem ipsum dolor sit amet, consectetur adipiscing elit. Ut pretium, dolor vitae semper dapibus, lorem sapien semper arcu, convallis porttitor lectus erat non dolor. Integer non nisi quis lorem dictum condimentum. Fusce pellentesque ut erat sed porttitor. Aliquam erat volutpat. Nullam blandit molestie tortor, eu blandit mauris tempor in. Ut ac volutpat mauris. Suspendisse augue turpis, hendrerit quis leo non, ullamcorper sagittis odio. Etiam scelerisque lorem ut viverra hendrerit.\r\nQuisque elementum odio ac nibh facilisis commodo. Vestibulum ultrices, ex sit amet mattis sollicitudin, dui diam fringilla eros, sit amet semper ligula purus eget metus. Sed et tristique ligula. Curabitur lacinia aliquam iaculis. Orci varius natoque penatibus et magnis dis parturient montes, nascetur ridiculus mus. Nam in vehicula justo. Donec nec feugiat justo. Aliquam sit amet arcu scelerisque, gravida nisl ac, molestie urna. Donec luctus volutpat facilisis. Donec orci diam, congue vulputate lorem vel, finibus porta nisi. Aliquam erat volutpat. Donec in velit suscipit, feugiat risus at, euismod nisl. Vivamus a risus id sapien ornare convallis.\r\nSed eget vulputate nulla. In molestie nunc ac gravida efficitur. Etiam pharetra, enim dapibus venenatis suscipit, erat odio rutrum dolor, at ullamcorper sem lorem ut tellus. Duis sit amet augue at sapien euismod cursus. Praesent justo lacus, maximus non diam iaculis, auctor porta erat. Curabitur orci erat, aliquam at nulla vel, lacinia volutpat odio. Suspendisse potenti. Integer suscipit lectus ac dui tincidunt posuere. Aenean augue magna, pharetra in leo quis, cursus pellentesque mi.\r\nNulla facilisi. Nam tincidunt, ipsum id tempor commodo, libero justo rutrum lectus, in sodales risus magna ut ligula. Vestibulum sed eros eros. Donec cursus at justo non dignissim. Ut ut quam molestie, malesuada lacus et, auctor nulla. Pellentesque lorem sem, bibendum in porttitor quis, finibus id felis. Phasellus pellentesque rutrum pretium. Fusce scelerisque massa in velit laoreet, sed aliquet magna suscipit.\r\nNam quis malesuada velit, a tincidunt tellus. Pellentesque aliquam, libero eu egestas bibendum, turpis elit sodales risus, ut malesuada ex ipsum quis erat. Aenean rutrum pulvinar imperdiet. Integer feugiat nulla dolor, vitae eleifend quam iaculis sit amet. Pellentesque ut diam leo. Praesent in sagittis purus. Nullam sed aliquet nibh. Donec interdum lacus at massa semper, sit amet scelerisque tortor euismod. Vivamus varius pharetra quam sed tristique. Cras vel finibus felis. Nunc porta semper turpis, sed maximus massa dignissim hendrerit.', 'European leaders push for even more defense spending', 'European leaders description description description description description', 'img/bl-defence.jpg', 9, 'dragana', 1, 12, 0, '2025-03-29 21:36:22'),
	(28, 'AI could bring efficiency to farms (search word: white)\r\nLorem ipsum dolor sit amet, consectetur adipiscing elit. Ut pretium, dolor vitae semper dapibus, lorem sapien semper arcu, convallis porttitor lectus erat non dolor. Integer non nisi quis lorem dictum condimentum. Fusce pellentesque ut erat sed porttitor. Aliquam erat volutpat. Nullam blandit molestie tortor, eu blandit mauris tempor in. Ut ac volutpat mauris. Suspendisse augue turpis, hendrerit quis leo non, ullamcorper sagittis odio. Etiam scelerisque lorem ut viverra hendrerit.\r\nQuisque elementum odio ac nibh facilisis commodo. Vestibulum ultrices, ex sit amet mattis sollicitudin, dui diam fringilla eros, sit amet semper ligula purus eget metus. Sed et tristique ligula. Curabitur lacinia aliquam iaculis. Orci varius natoque penatibus et magnis dis parturient montes, nascetur ridiculus mus. Nam in vehicula justo. Donec nec feugiat justo. Aliquam sit amet arcu scelerisque, gravida nisl ac, molestie urna. Donec luctus volutpat facilisis. Donec orci diam, congue vulputate lorem vel, finibus porta nisi. Aliquam erat volutpat. Donec in velit suscipit, feugiat risus at, euismod nisl. Vivamus a risus id sapien ornare convallis.\r\nSed eget vulputate nulla. In molestie nunc ac gravida efficitur. Etiam pharetra, enim dapibus venenatis suscipit, erat odio rutrum dolor, at ullamcorper sem lorem ut tellus. Duis sit amet augue at sapien euismod cursus. Praesent justo lacus, maximus non diam iaculis, auctor porta erat. Curabitur orci erat, aliquam at nulla vel, lacinia volutpat odio. Suspendisse potenti. Integer suscipit lectus ac dui tincidunt posuere. Aenean augue magna, pharetra in leo quis, cursus pellentesque mi.\r\nNulla facilisi. Nam tincidunt, ipsum id tempor commodo, libero justo rutrum lectus, in sodales risus magna ut ligula. Vestibulum sed eros eros. Donec cursus at justo non dignissim. Ut ut quam molestie, malesuada lacus et, auctor nulla. Pellentesque lorem sem, bibendum in porttitor quis, finibus id felis. Phasellus pellentesque rutrum pretium. Fusce scelerisque massa in velit laoreet, sed aliquet magna suscipit.\r\nNam quis malesuada velit, a tincidunt tellus. Pellentesque aliquam, libero eu egestas bibendum, turpis elit sodales risus, ut malesuada ex ipsum quis erat. Aenean rutrum pulvinar imperdiet. Integer feugiat nulla dolor, vitae eleifend quam iaculis sit amet. Pellentesque ut diam leo. Praesent in sagittis purus. Nullam sed aliquet nibh. Donec interdum lacus at massa semper, sit amet scelerisque tortor euismod. Vivamus varius pharetra quam sed tristique. Cras vel finibus felis. Nunc porta semper turpis, sed maximus massa dignissim hendrerit.', 'AI could bring efficiency to farm production and marketing', 'AI bring efficiency description description description description description', 'img/bl-apples.jpg', 3, 'mirko', 1, 25, 1, '2025-04-09 21:36:35'),
	(29, 'Renowned painter\'s works (search word: green)\r\nLorem ipsum dolor sit amet, consectetur adipiscing elit. Ut pretium, dolor vitae semper dapibus, lorem sapien semper arcu, convallis porttitor lectus erat non dolor. Integer non nisi quis lorem dictum condimentum. Fusce pellentesque ut erat sed porttitor. Aliquam erat volutpat. Nullam blandit molestie tortor, eu blandit mauris tempor in. Ut ac volutpat mauris. Suspendisse augue turpis, hendrerit quis leo non, ullamcorper sagittis odio. Etiam scelerisque lorem ut viverra hendrerit.\r\nQuisque elementum odio ac nibh facilisis commodo. Vestibulum ultrices, ex sit amet mattis sollicitudin, dui diam fringilla eros, sit amet semper ligula purus eget metus. Sed et tristique ligula. Curabitur lacinia aliquam iaculis. Orci varius natoque penatibus et magnis dis parturient montes, nascetur ridiculus mus. Nam in vehicula justo. Donec nec feugiat justo. Aliquam sit amet arcu scelerisque, gravida nisl ac, molestie urna. Donec luctus volutpat facilisis. Donec orci diam, congue vulputate lorem vel, finibus porta nisi. Aliquam erat volutpat. Donec in velit suscipit, feugiat risus at, euismod nisl. Vivamus a risus id sapien ornare convallis.\r\nSed eget vulputate nulla. In molestie nunc ac gravida efficitur. Etiam pharetra, enim dapibus venenatis suscipit, erat odio rutrum dolor, at ullamcorper sem lorem ut tellus. Duis sit amet augue at sapien euismod cursus. Praesent justo lacus, maximus non diam iaculis, auctor porta erat. Curabitur orci erat, aliquam at nulla vel, lacinia volutpat odio. Suspendisse potenti. Integer suscipit lectus ac dui tincidunt posuere. Aenean augue magna, pharetra in leo quis, cursus pellentesque mi.\r\nNulla facilisi. Nam tincidunt, ipsum id tempor commodo, libero justo rutrum lectus, in sodales risus magna ut ligula. Vestibulum sed eros eros. Donec cursus at justo non dignissim. Ut ut quam molestie, malesuada lacus et, auctor nulla. Pellentesque lorem sem, bibendum in porttitor quis, finibus id felis. Phasellus pellentesque rutrum pretium. Fusce scelerisque massa in velit laoreet, sed aliquet magna suscipit.\r\nNam quis malesuada velit, a tincidunt tellus. Pellentesque aliquam, libero eu egestas bibendum, turpis elit sodales risus, ut malesuada ex ipsum quis erat. Aenean rutrum pulvinar imperdiet. Integer feugiat nulla dolor, vitae eleifend quam iaculis sit amet. Pellentesque ut diam leo. Praesent in sagittis purus. Nullam sed aliquet nibh. Donec interdum lacus at massa semper, sit amet scelerisque tortor euismod. Vivamus varius pharetra quam sed tristique. Cras vel finibus felis. Nunc porta semper turpis, sed maximus massa dignissim hendrerit.', 'Renowned painter\'s works to go on show in public trafic', 'Public Trafic (test: pink) description description description description description description', 'img/bl-metro.jpg', 6, 'zorica', 1, 22, 1, '2025-04-14 21:36:58'),
	(30, 'Eurozone faces recession (search word: white)\r\nLorem ipsum dolor sit amet, consectetur adipiscing elit. Ut pretium, dolor vitae semper dapibus, lorem sapien semper arcu, convallis porttitor lectus erat non dolor. Integer non nisi quis lorem dictum condimentum. Fusce pellentesque ut erat sed porttitor. Aliquam erat volutpat. Nullam blandit molestie tortor, eu blandit mauris tempor in. Ut ac volutpat mauris. Suspendisse augue turpis, hendrerit quis leo non, ullamcorper sagittis odio. Etiam scelerisque lorem ut viverra hendrerit.\r\nQuisque elementum odio ac nibh facilisis commodo. Vestibulum ultrices, ex sit amet mattis sollicitudin, dui diam fringilla eros, sit amet semper ligula purus eget metus. Sed et tristique ligula. Curabitur lacinia aliquam iaculis. Orci varius natoque penatibus et magnis dis parturient montes, nascetur ridiculus mus. Nam in vehicula justo. Donec nec feugiat justo. Aliquam sit amet arcu scelerisque, gravida nisl ac, molestie urna. Donec luctus volutpat facilisis. Donec orci diam, congue vulputate lorem vel, finibus porta nisi. Aliquam erat volutpat. Donec in velit suscipit, feugiat risus at, euismod nisl. Vivamus a risus id sapien ornare convallis.\r\nSed eget vulputate nulla. In molestie nunc ac gravida efficitur. Etiam pharetra, enim dapibus venenatis suscipit, erat odio rutrum dolor, at ullamcorper sem lorem ut tellus. Duis sit amet augue at sapien euismod cursus. Praesent justo lacus, maximus non diam iaculis, auctor porta erat. Curabitur orci erat, aliquam at nulla vel, lacinia volutpat odio. Suspendisse potenti. Integer suscipit lectus ac dui tincidunt posuere. Aenean augue magna, pharetra in leo quis, cursus pellentesque mi.\r\nNulla facilisi. Nam tincidunt, ipsum id tempor commodo, libero justo rutrum lectus, in sodales risus magna ut ligula. Vestibulum sed eros eros. Donec cursus at justo non dignissim. Ut ut quam molestie, malesuada lacus et, auctor nulla. Pellentesque lorem sem, bibendum in porttitor quis, finibus id felis. Phasellus pellentesque rutrum pretium. Fusce scelerisque massa in velit laoreet, sed aliquet magna suscipit.\r\nNam quis malesuada velit, a tincidunt tellus. Pellentesque aliquam, libero eu egestas bibendum, turpis elit sodales risus, ut malesuada ex ipsum quis erat. Aenean rutrum pulvinar imperdiet. Integer feugiat nulla dolor, vitae eleifend quam iaculis sit amet. Pellentesque ut diam leo. Praesent in sagittis purus. Nullam sed aliquet nibh. Donec interdum lacus at massa semper, sit amet scelerisque tortor euismod. Vivamus varius pharetra quam sed tristique. Cras vel finibus felis. Nunc porta semper turpis, sed maximus massa dignissim hendrerit.', 'Shot by both sides of economy, the Eurozone faces recession threat', 'Shot by both sides description description description description description', 'img/bl-recesion.jpg', 8, 'milojko', 1, 21, 0, '2025-04-21 21:37:08'),
	(31, 'Galleries, theatres, exhibitions, concerts (search word: white)\r Lorem ipsum dolor sit amet, consectetur adipiscing elit. Ut pretium, dolor vitae semper dapibus, lorem sapien semper arcu, convallis porttitor lectus erat non dolor. Integer non nisi quis lorem dictum condimentum. Fusce pellentesque ut erat sed porttitor. Aliquam erat volutpat. Nullam blandit molestie tortor, eu blandit mauris tempor in. Ut ac volutpat mauris. Suspendisse augue turpis, hendrerit quis leo non, ullamcorper sagittis odio. Etiam scelerisque lorem ut viverra hendrerit.\r Quisque elementum odio ac nibh facilisis commodo. Vestibulum ultrices, ex sit amet mattis sollicitudin, dui diam fringilla eros, sit amet semper ligula purus eget metus. Sed et tristique ligula. Curabitur lacinia aliquam iaculis. Orci varius natoque penatibus et magnis dis parturient montes, nascetur ridiculus mus. Nam in vehicula justo. Donec nec feugiat justo. Aliquam sit amet arcu scelerisque, gravida nisl ac, molestie urna. Donec luctus volutpat facilisis. Donec orci diam, congue vulputate lorem vel, finibus porta nisi. Aliquam erat volutpat. Donec in velit suscipit, feugiat risus at, euismod nisl. Vivamus a risus id sapien ornare convallis.\r Sed eget vulputate nulla. In molestie nunc ac gravida efficitur. Etiam pharetra, enim dapibus venenatis suscipit, erat odio rutrum dolor, at ullamcorper sem lorem ut tellus. Duis sit amet augue at sapien euismod cursus. Praesent justo lacus, maximus non diam iaculis, auctor porta erat. Curabitur orci erat, aliquam at nulla vel, lacinia volutpat odio. Suspendisse potenti. Integer suscipit lectus ac dui tincidunt posuere. Aenean augue magna, pharetra in leo quis, cursus pellentesque mi.\r Nulla facilisi. Nam tincidunt, ipsum id tempor commodo, libero justo rutrum lectus, in sodales risus magna ut ligula. Vestibulum sed eros eros. Donec cursus at justo non dignissim. Ut ut quam molestie, malesuada lacus et, auctor nulla. Pellentesque lorem sem, bibendum in porttitor quis, finibus id felis. Phasellus pellentesque rutrum pretium. Fusce scelerisque massa in velit laoreet, sed aliquet magna suscipit.\r Nam quis malesuada velit, a tincidunt tellus. Pellentesque aliquam, libero eu egestas bibendum, turpis elit sodales risus, ut malesuada ex ipsum quis erat. Aenean rutrum pulvinar imperdiet. Integer feugiat nulla dolor, vitae eleifend quam iaculis sit amet. Pellentesque ut diam leo. Praesent in sagittis purus. Nullam sed aliquet nibh. Donec interdum lacus at massa semper, sit amet scelerisque tortor euismod. Vivamus varius pharetra quam sed tristique. Cras vel finibus felis. Nunc porta semper turpis, sed maximus massa dignissim hendrerit. (test: pink)', 'The big idea: should we abolish art, if there were no artists?', 'Galleries, theatres, exhibitions, concerts description description description', 'img/bl-fantasy.jpg', 6, 'marija', 1, 7, 1, '2025-04-23 21:37:20'),
	(32, 'blog blog blog blah blah blah', 'blog by Petar xxxxxxxxxxxxxxxxxx', 'Petar description', 'no image', 1, 'petarpetar', 0, 0, 0, '2025-05-08 17:17:02');

-- Dumping structure for table blogdb.blog_tag
CREATE TABLE IF NOT EXISTS `blog_tag` (
  `id` int(11) NOT NULL AUTO_INCREMENT,
  `idBlog` int(11) DEFAULT NULL,
  `idTag` int(11) DEFAULT NULL,
  PRIMARY KEY (`id`)
) ENGINE=InnoDB AUTO_INCREMENT=153 DEFAULT CHARSET=utf8 COLLATE=utf8_bin;

-- Dumping data for table blogdb.blog_tag: ~60 rows (approximately)
INSERT INTO `blog_tag` (`id`, `idBlog`, `idTag`) VALUES
	(17, 3, 3),
	(18, 4, 1),
	(19, 4, 2),
	(89, 6, 2),
	(90, 6, 9),
	(91, 7, 1),
	(92, 7, 7),
	(93, 8, 10),
	(94, 8, 11),
	(95, 8, 12),
	(96, 9, 12),
	(97, 10, 12),
	(98, 10, 13),
	(99, 11, 1),
	(100, 11, 20),
	(101, 12, 1),
	(102, 12, 12),
	(103, 13, 20),
	(104, 14, 6),
	(105, 15, 1),
	(106, 15, 2),
	(107, 15, 12),
	(108, 16, 2),
	(109, 16, 20),
	(110, 17, 2),
	(111, 17, 13),
	(112, 18, 10),
	(113, 18, 11),
	(114, 18, 12),
	(115, 19, 6),
	(116, 19, 15),
	(117, 20, 1),
	(118, 20, 3),
	(119, 21, 1),
	(120, 21, 20),
	(121, 22, 3),
	(122, 22, 14),
	(123, 23, 1),
	(124, 23, 10),
	(125, 23, 11),
	(126, 24, 2),
	(127, 24, 6),
	(128, 24, 15),
	(129, 25, 12),
	(130, 25, 13),
	(131, 26, 1),
	(132, 26, 20),
	(133, 27, 5),
	(134, 27, 7),
	(135, 27, 8),
	(136, 27, 13),
	(137, 28, 3),
	(138, 28, 4),
	(139, 28, 10),
	(140, 28, 11),
	(141, 29, 6),
	(142, 29, 14),
	(143, 30, 12),
	(144, 30, 13),
	(145, 30, 14),
	(146, 31, 1),
	(147, 31, 6),
	(148, 31, 9),
	(149, 31, 14),
	(150, 31, 15),
	(151, 31, 16),
	(152, 32, 1);

-- Dumping structure for table blogdb.category
CREATE TABLE IF NOT EXISTS `category` (
  `id` int(11) NOT NULL AUTO_INCREMENT,
  `name` varchar(20) CHARACTER SET utf8mb4 COLLATE utf8mb4_general_ci DEFAULT NULL,
  `isOnPage` tinyint(1) DEFAULT NULL,
  `image` varchar(300) CHARACTER SET utf8mb4 COLLATE utf8mb4_general_ci DEFAULT NULL,
  `description` varchar(500) CHARACTER SET utf8mb4 COLLATE utf8mb4_general_ci DEFAULT NULL,
  `numbering` int(11) DEFAULT NULL,
  PRIMARY KEY (`id`)
) ENGINE=InnoDB AUTO_INCREMENT=10 DEFAULT CHARSET=utf8 COLLATE=utf8_bin;

-- Dumping data for table blogdb.category: ~6 rows (approximately)
INSERT INTO `category` (`id`, `name`, `isOnPage`, `image`, `description`, `numbering`) VALUES
	(1, 'UNCATEGORIZED', 1, 'img/b_uncategorized.jpg', 'This content includes texts related to political topics', 0),
	(3, 'AGRICULTURE', 1, 'img/b_agriculture001.jpg', 'This content includes scientific texts related to agriculture, projection of possible problems and options for their solutions', 0),
	(5, 'CULTURE', 1, 'img/b_culture001.jpg', 'This content includes texts related to culture and events that promote the development of society.', 0),
	(6, 'ART', 1, 'img/b_art001.jpg', 'This content includes texts related to different types of art and ways of expressing human creativity.', 0),
	(7, 'ECOLOGY', 1, 'img/b_ecology.jpg', 'This content includes scientific texts related to ecology, possible problems and ways to solve', 0),
	(8, 'ECONOMY', 1, 'img/b-economy003.jpg', 'This content includes texts related to economic problems and solutions for their solutions', 0),
	(9, 'POLITIC', 1, 'img/b_politic004.jpg', 'This content includes texts related to political topics', 0);

-- Dumping structure for table blogdb.comments
CREATE TABLE IF NOT EXISTS `comments` (
  `id` int(11) NOT NULL AUTO_INCREMENT,
  `comment` varchar(1000) CHARACTER SET utf8mb4 COLLATE utf8mb4_general_ci DEFAULT NULL,
  `enabled` tinyint(1) DEFAULT NULL,
  `idBlog` int(11) DEFAULT NULL,
  `commName` varchar(45) DEFAULT NULL,
  `commDate` datetime DEFAULT NULL,
  `email` varchar(319) DEFAULT NULL,
  PRIMARY KEY (`id`),
  KEY `FKblog` (`idBlog`),
  CONSTRAINT `FKblog` FOREIGN KEY (`idBlog`) REFERENCES `blog` (`id`) ON DELETE NO ACTION ON UPDATE NO ACTION
) ENGINE=InnoDB AUTO_INCREMENT=55 DEFAULT CHARSET=utf8 COLLATE=utf8_bin;

-- Dumping data for table blogdb.comments: ~46 rows (approximately)
INSERT INTO `comments` (`id`, `comment`, `enabled`, `idBlog`, `commName`, `commDate`, `email`) VALUES
	(1, 'bla bla bla bla bla bbbbla blllllla blaaaaa aaaaa', 1, 6, 'Pera Perovic', '2024-10-05 10:11:38', 'pera@nekimail.com'),
	(2, 'bla bla bla bla bla bbbbla blllllla blaaaaa BBB 2222', 1, 7, 'Micko Micanovic', '2024-10-10 12:16:38', 'micko@nekimail.com'),
	(3, 'bla bla bla bla bla 333 333 333 333', 1, 8, 'Jablan Cvorovic', '2024-11-20 09:06:38', 'jablan@nekimail.com'),
	(5, 'bla bla bla bla bla bbbbla blllllla blaaaaa aaaaa 4444 44444 4444', 1, 9, 'John Fouthy', '2024-11-24 18:16:38', 'john@nekimail.com'),
	(6, 'DRAGAN bla bla bla bla bla bbbbla blllllla blaaaaa aaaaa', 1, 10, 'Dragan Dragic', '2024-12-02 08:55:34', 'dragan@nekimail.com'),
	(7, 'neko bi reko da niko nikad ne bi ni reko ko je reko da je reko pa poreko...', 0, 11, 'Niko Nikic', '2024-12-11 10:15:19', 'nikoineko@nekimail.com'),
	(8, 'ko je sta reko pa neka je reko pa to sto je reko neko i neko pa neko e pa neka......', 0, 12, 'Neko Nekic', '2025-01-09 11:23:33', 'nekoiniko@nekimail.com'),
	(9, 'VELJKO bla bla bla bla bla bbbbla blllllla blaaaaa aaaaa', 0, 6, 'Veljko Veljanovic', '2025-01-15 15:15:15', 'veljko.velja@nekimail.com'),
	(10, 'X2 bla2', 1, 7, 'X2', '2025-01-17 09:27:09', 'x2@x.com'),
	(11, 'VERA bla bla bla bla bla bbbbla blllllla blaaaaa aaaaa', 1, 8, 'Vera Veruovic', '2025-02-03 16:11:44', 'vera.vera@nekimail.com'),
	(12, 'ZOKI bla bla bla...', 1, 9, 'Zoki Zoranic', '2025-02-17 17:22:33', 'zoki.zoki@nekimail.com'),
	(13, 'JOVAN bla bla bla... bla bla bla bla....', 1, 10, 'Jovan Jovanovic', '2025-02-24 08:07:39', 'jovan123@nekimail.com'),
	(14, 'JOHN SMITH bla bla bla bla bla ando so on and so on...', 1, 11, 'John Smith', '2025-02-25 10:09:53', 'john.smith@sommemail.com'),
	(15, 'XX bla bla', 1, 12, 'XX', '2025-03-04 14:29:10', 'xx@x.com'),
	(16, 'X bla', 1, 13, 'X', '2025-03-07 15:03:34', 'x@x.com'),
	(17, 'X3 bla3', 1, 6, 'X3', '2025-03-14 15:15:33', 'x3@x.com'),
	(18, 'UN bla un', 1, 8, 'UN', '2025-03-17 15:20:07', 'UN@un.com'),
	(19, 'X4 bla4', 1, 10, 'X4', '2025-03-23 15:31:41', 'x4@x.com'),
	(20, 'X4 bla4', 1, 12, 'X4', '2025-03-26 16:18:26', 'x4@x.com'),
	(21, 'X5 bla', 1, 7, 'X5', '2025-04-02 16:18:47', 'x5@x.com'),
	(22, 'X11 bla', 1, 9, 'X11', '2025-04-08 16:20:12', 'x11@x.com'),
	(23, 'UN1 bla1', 1, 11, 'UN1', '2025-04-15 16:48:40', 'UN1@un.com'),
	(24, 'UN2 bla un', 1, 13, 'UN2', '2025-04-18 16:49:10', 'UN2@un.com'),
	(25, 'UN3 bla un', 1, 13, 'UN3', '2025-04-21 16:53:41', 'UN3@un.com'),
	(26, 'UN4 bla un', 1, 13, 'UN4', '2025-04-22 17:00:21', 'UN4@un.com'),
	(27, 'UN5 bla un', 1, 13, 'UN5', '2025-04-22 17:18:49', 'UN5@un.com'),
	(28, 'UN6 bla un', 1, 14, 'UN5', '2025-04-23 17:18:49', 'UN6@un.com'),
	(30, 'UN7 bla un', 1, 13, 'UN7', '2025-04-23 17:42:31', 'UN7@un.com'),
	(35, 'X14 bla bla', 1, 14, 'X14', '2025-04-23 17:42:31', 'X14@x.com'),
	(36, 'X15 bla bla', 1, 15, 'X15', '2025-04-23 17:42:31', 'X15@x.com'),
	(37, 'X16 bla bla', 1, 16, 'X16', '2025-04-23 17:42:31', 'X16@x.com'),
	(38, 'X17 bla bla', 1, 17, 'X17', '2025-04-23 17:42:31', 'X17@x.com'),
	(39, 'X18 bla bla', 1, 18, 'X18', '2025-04-23 17:42:31', 'X18@x.com'),
	(40, 'X19 bla bla', 1, 19, 'X19', '2025-04-23 17:42:31', 'X19@x.com'),
	(41, 'X20 bla bla', 1, 20, 'X20', '2025-04-23 17:42:31', 'X20@x.com'),
	(42, 'X21 bla bla', 1, 21, 'X21', '2025-04-23 17:42:31', 'X21@x.com'),
	(43, 'X22 bla bla', 1, 22, 'X22', '2025-04-23 17:42:31', 'X22@x.com'),
	(44, 'X23 bla bla', 1, 23, 'X23', '2025-04-23 17:42:31', 'X23@x.com'),
	(45, 'X24 bla bla', 1, 24, 'X24', '2025-04-23 17:42:31', 'X24@x.com'),
	(46, 'X25 bla bla', 1, 25, 'X25', '2025-04-23 17:42:31', 'X25@x.com'),
	(47, 'X26 bla bla', 1, 26, 'X26', '2025-04-23 17:42:31', 'X26@x.com'),
	(48, 'X27 bla bla', 1, 27, 'X27', '2025-04-23 17:42:31', 'X27@x.com'),
	(49, 'X28 bla bla', 1, 28, 'X28', '2025-04-23 17:42:31', 'X28@x.com'),
	(50, 'X29 bla bla', 1, 29, 'X29', '2025-04-23 17:42:31', 'X29@x.com'),
	(51, 'X30 bla bla', 1, 30, 'X30', '2025-04-23 17:42:31', 'X30@x.com'),
	(52, 'X31 bla bla', 1, 31, 'X31', '2025-04-23 17:42:31', 'X31@x.com'),
	(53, 'X19-1 bla bla', 1, 19, 'X19-1', '2025-04-24 18:20:41', 'X19-1@x.com'),
	(54, 'X19-2 bla bla', 1, 19, 'X19-2', '2025-04-24 18:26:43', 'X19-2@x.com');

-- Dumping structure for table blogdb.messages
CREATE TABLE IF NOT EXISTS `messages` (
  `id` int(11) NOT NULL AUTO_INCREMENT,
  `name` varchar(45) DEFAULT NULL,
  `email` varchar(319) DEFAULT NULL,
  `messText` varchar(1000) DEFAULT NULL,
  `isSeen` tinyint(1) DEFAULT NULL,
  PRIMARY KEY (`id`)
) ENGINE=InnoDB AUTO_INCREMENT=9 DEFAULT CHARSET=utf8 COLLATE=utf8_bin;

-- Dumping data for table blogdb.messages: ~6 rows (approximately)
INSERT INTO `messages` (`id`, `name`, `email`, `messText`, `isSeen`) VALUES
	(2, 'William Willson', 'will@nekimail.com', 'will kaze da will misli da bi trebalo od je OK', 0),
	(3, 'Piter Piterson', 'piter@sommemail.com', 'Piter have real opinion about this problem but...', 0),
	(4, 'Johan Johanson', 'johan@anymail.com', 'Johan is agree withh all godd people who need to help sommebody', 1),
	(5, 'Bob Benkson', 'bobbenkson@sommemail.com', 'Bob have not somme special opinion about this, but it\'s OK!', 0),
	(6, 'Nikolas Jackson', 'nikyjacky@anymail.com', 'Nikolas is expert, so hi have special opinion witch is very difficult to understand...!?', 0),
	(8, 'Jessica Petherson', 'jessy@sommemail.com', 'Jassica just whant to agrre with people who are able to understand sommething.', 0);

-- Dumping structure for table blogdb.roles
CREATE TABLE IF NOT EXISTS `roles` (
  `authority` varchar(45) CHARACTER SET utf8mb4 COLLATE utf8mb4_general_ci NOT NULL,
  PRIMARY KEY (`authority`)
) ENGINE=InnoDB DEFAULT CHARSET=utf8 COLLATE=utf8_bin;

-- Dumping data for table blogdb.roles: ~2 rows (approximately)
INSERT INTO `roles` (`authority`) VALUES
	('ROLE_admin'),
	('ROLE_bloger');

-- Dumping structure for table blogdb.slide_item
CREATE TABLE IF NOT EXISTS `slide_item` (
  `id` int(11) NOT NULL AUTO_INCREMENT,
  `image` varchar(300) CHARACTER SET utf8mb4 COLLATE utf8mb4_general_ci DEFAULT NULL,
  `itemTitle` varchar(50) CHARACTER SET utf8mb4 COLLATE utf8mb4_general_ci DEFAULT NULL,
  `bTitle` varchar(25) CHARACTER SET utf8mb4 COLLATE utf8mb4_general_ci DEFAULT NULL,
  `bLink` varchar(300) CHARACTER SET utf8mb4 COLLATE utf8mb4_general_ci DEFAULT NULL,
  `numbering` int(11) DEFAULT NULL,
  `enabled` tinyint(1) DEFAULT NULL,
  PRIMARY KEY (`id`)
) ENGINE=InnoDB AUTO_INCREMENT=10 DEFAULT CHARSET=utf8 COLLATE=utf8_bin;

-- Dumping data for table blogdb.slide_item: ~8 rows (approximately)
INSERT INTO `slide_item` (`id`, `image`, `itemTitle`, `bTitle`, `bLink`, `numbering`, `enabled`) VALUES
	(1, 'img/b-si-sport.jpeg', 'SPORT - expand your horizons of knowledge', 'Sport', 'http://www.fsfv.bg.ac.rs/', 5, 1),
	(2, 'img/b-si-economy.jpg', 'ECONOMY - expand your horizons of knowledge', 'Economy', 'https://www.ekof.bg.ac.rs/', 8, 1),
	(3, 'img/b-si-agriculture.jpg', 'AGRICULTURE - expand your horizons of knowledge', 'Agriculture', 'https://agrif.bg.ac.rs/', 1, 1),
	(4, 'img/b-si-politic.jpg', 'POLITICS - expand your horizons of knowledge', 'Politics', 'https://www.fpn.bg.ac.rs/', 6, 1),
	(5, 'img/b-si-art-painting.jpg', 'ART - expand your horizons of knowledge', 'Art', 'https://www.flu.bg.ac.rs/', 7, 1),
	(7, 'img/b-si-it-programing.jpg', 'IT - expand your horizons of knowledge', 'IT', 'https://www.racunarstvo.matf.bg.ac.rs/?content=za_buduce_studente', 3, 1),
	(8, 'img/b-si-robot.jpg', 'ROBOTICS - expand your horizons of knowledge', 'Robotics', 'http://robot.etf.rs/', 4, 1),
	(9, 'img/b-si-ecology.jpg', 'ECOLOGY - expand your horizons of knowledge', 'Ecology', 'https://bio.bg.ac.rs/', 2, 1);

-- Dumping structure for table blogdb.tag
CREATE TABLE IF NOT EXISTS `tag` (
  `id` int(11) NOT NULL AUTO_INCREMENT,
  `name` varchar(30) CHARACTER SET utf8mb4 COLLATE utf8mb4_general_ci DEFAULT NULL,
  PRIMARY KEY (`id`)
) ENGINE=InnoDB AUTO_INCREMENT=22 DEFAULT CHARSET=utf8 COLLATE=utf8_bin;

-- Dumping data for table blogdb.tag: ~18 rows (approximately)
INSERT INTO `tag` (`id`, `name`) VALUES
	(1, 'future'),
	(2, 'human'),
	(3, 'artificial intelligence'),
	(4, 'robot'),
	(5, 'machine'),
	(6, 'exhibition'),
	(7, 'war'),
	(8, 'party'),
	(9, 'performance'),
	(10, 'vegetables'),
	(11, 'fruit'),
	(12, 'profit'),
	(13, 'bankruptcy'),
	(14, 'connectivity'),
	(15, 'painting'),
	(16, 'music'),
	(20, 'nature'),
	(21, 'politics');

-- Dumping structure for table blogdb.users
CREATE TABLE IF NOT EXISTS `users` (
  `username` varchar(45) CHARACTER SET utf8mb4 COLLATE utf8mb4_general_ci NOT NULL,
  `password` varchar(68) CHARACTER SET utf8mb4 COLLATE utf8mb4_general_ci DEFAULT NULL,
  `enabled` tinyint(1) DEFAULT NULL,
  `name` varchar(45) CHARACTER SET utf8mb4 COLLATE utf8mb4_general_ci DEFAULT NULL,
  `surname` varchar(45) CHARACTER SET utf8mb4 COLLATE utf8mb4_general_ci DEFAULT NULL,
  `email` varchar(319) CHARACTER SET utf8mb4 COLLATE utf8mb4_general_ci DEFAULT NULL,
  `phone` varchar(30) CHARACTER SET utf8mb4 COLLATE utf8mb4_general_ci DEFAULT NULL,
  `photo` varchar(300) CHARACTER SET utf8mb4 COLLATE utf8mb4_general_ci DEFAULT NULL,
  PRIMARY KEY (`username`)
) ENGINE=InnoDB DEFAULT CHARSET=utf8 COLLATE=utf8_bin;

-- Dumping data for table blogdb.users: ~9 rows (approximately)
INSERT INTO `users` (`username`, `password`, `enabled`, `name`, `surname`, `email`, `phone`, `photo`) VALUES
	('andrijana', '{bcrypt}$2a$10$/ENcI4vET2aSr91/OaxjXOEpqv79WgtKv0dPZZqHVf5ZQfwvGqgqO', 1, 'Andrijana', 'Andrijevic', 'andrijana.andrijevic@nekimail.com', '06934452601', 'img/b-author3-1.jpg'),
	('dragana', '{bcrypt}$2a$10$JJp4tmLmKnpErAF6RDqfPOyiKgP8/OSHMeOGflHjeuVM3XJYnDANa', 1, 'Dragana', 'Dragicevic', 'dragana.dragicevic@nekimail.com', '06811823640', 'img/b-author8-1.jpg'),
	('jovanjovan', '{bcrypt}$2a$10$RIrGbfrh5MOyZ2djJ.P3J.KkqOTks4AMpqJ8Vuwp1KhDnJzU71V/C', 1, 'Jovan', 'Jovanovic', 'jovan.jovanovic@nekimail.com', '0121029384756', 'img/b-author1-1.jpg'),
	('marija', '{bcrypt}$2a$10$UevTtCtawjB/6bznBia/f.g7q09d0E0bP6oz84Aa/jFBfeDwaXmHK', 1, 'Marija', 'Marjanovic', 'marija.marjanovic@nekimail.com', '065263547819', 'img/b-author7-1.jpg'),
	('marko', '{bcrypt}$2a$10$.XxHCwVWrKtEQ/Rnzc/EC..SxDrrzfCf6fyegZ9hvhoIA14oG7Bde', 1, 'Marko', 'Markovic', 'marko.markovic@nekimail.com', '06231847563', 'img/b-author-a-1.jpg'),
	('milojko', '{bcrypt}$2a$10$VBd0oUpAyk.sCccqbw2uae/m6xXn4skiC0cQ06b15IikWJbikn7Ga', 1, 'Milojko', 'Milojkovic', 'milojko.milojkovic@nekimail.com', '0679922837451', 'img/b-author6-1.jpg'),
	('mirko', '{bcrypt}$2a$10$r2wt5hUVEFzagOLqFlc6.ukzvlwhnScVkeARiYT8RAnheH/fhVGiS', 1, 'Mirko', 'Mirkovic', 'mirko.mirkovic@nekimail.com', '0643877465104', 'img/b-author5-1.jpg'),
	('petarpetar', '{bcrypt}$2a$10$paj0ntFi3ICGrBCSjjexg.lTmblKhxBTIdECpY827vjU66WkbUHzC', 1, 'Petar', 'Petrovic', 'petar.petrovic@nekimail.com', '01192837465', 'img/b-author4-1.jpg'),
	('simeon', '{bcrypt}$2a$10$TYa2FZ8MrIBZB71tp7IBWOCUnCIidPTK5vM.hsgix9NaUrQ4z87DG', 1, 'Simeon', 'Simonovic', 'simeon.simunovic@nekimail.com', '01129922838476', 'img/b-author9-1.jpg'),
	('suncica', '{bcrypt}$2a$10$J8fQmWGWEBZYE/6g7E22vOJi5OK/9pKvOinG9OYX6ghWUKnj2CBpG', 1, 'Suncica', 'Suncic', 'suncica.suncic@nekimail.com', '0631880923546', 'img/b-authorS-1.jpg'),
	('zorica', '{bcrypt}$2a$10$jjBaCvnMewI285sxk66Ts.Ytog/k.6vHTJFm10NB7r0OS.mnAUK0O', 1, 'Zorica', 'Zoric', 'zorica.zoric@nekimail.com', '062930071564', 'img/b-author2-1.png');

/*!40103 SET TIME_ZONE=IFNULL(@OLD_TIME_ZONE, 'system') */;
/*!40101 SET SQL_MODE=IFNULL(@OLD_SQL_MODE, '') */;
/*!40014 SET FOREIGN_KEY_CHECKS=IFNULL(@OLD_FOREIGN_KEY_CHECKS, 1) */;
/*!40101 SET CHARACTER_SET_CLIENT=@OLD_CHARACTER_SET_CLIENT */;
/*!40111 SET SQL_NOTES=IFNULL(@OLD_SQL_NOTES, 1) */;
